1	100483370	A	G	89030	AF_asj	MONDO:0014248

1	154562286	A	G	39461	AF_asj	MONDO:0014007

1	155205563	C	A	4292	AF_asj	MONDO:0009268,MONDO:0009266,MONDO:0009267,MONDO:0009265,MONDO:0018150,MONDO:0008199,MONDO:0007488,MONDO:0011945

1	155207935	A	G	4309	AF_asj	MONDO:0018150,MONDO:0009265

1	228346316	T	C	2071	AF_asj	MONDO:0012125

2	48033769	A	ATCAG	89496	AF_asj	MONDO:0015356,MONDO:0005835,MONDO:0013710,MONDO:0002032,MONDO:0007356

2	166895946	C	T	93639	AF_asj	MONDO:0011461,MONDO:0100062

2	217311786	C	T	4176	AF_asj	MONDO:0005377,MONDO:0009458

2	219678910	G	A	65834	AF_asj	MONDO:0008948

2	227886851	G	A	17407	AF_asj	MONDO:0018965,MONDO:0007086,MONDO:0008762,MONDO:0007709

3	4491006	A	G	2672	AF_asj	MONDO:0010088

3	30713738	G	A	393155	AF_asj	MONDO:0019625,MONDO:0012427

3	38524764	G	A	6859	AF_asj	MONDO:0013403

3	38645489	C	T	67672	AF_asj	MONDO:0019171,MONDO:0015263,MONDO:0005021,MONDO:0011001,MONDO:0011377

3	38649681	G	T	68061	AF_asj	MONDO:0015263

3	48612861	C	T	17446	AF_asj	MONDO:0007549,MONDO:0007552,MONDO:0007557,MONDO:0009179,MONDO:0011852,MONDO:0011398,MONDO:0007548,MONDO:0006543

3	81698027	A	G	2778	AF_asj	MONDO:0009292

3	129249868	C	T	13050	AF_asj	MONDO:0019118,MONDO:0019200,MONDO:0013395

3	133485220	G	C	12620	AF_asj	MONDO:0008846

3	170723136	G	A	16093	AF_asj	MONDO:0009216,MONDO:0005148

3	182733324	CT	C	1934	AF_asj	MONDO:0018950,MONDO:0008861

4	997221	TG	T	167191	AF_asj	MONDO:0001586,MONDO:0011760,MONDO:0011758,MONDO:0011759

4	16014922	G	A	5610	AF_asj	MONDO:0019118,MONDO:0012796,MONDO:0011957,MONDO:0012983,MONDO:0011370,MONDO:0019200,MONDO:0019353

5	1815999	G	A	6018	AF_asj	MONDO:0032615

5	33982434	C	T	4503	AF_asj	MONDO:0011683

5	90106048	A	G	46275	AF_asj	MONDO:0019501,MONDO:0016484,MONDO:0019118

5	169446041	C	T	199260	AF_asj	MONDO:0014637

6	31085224	G	GAGGC	157564	AF_asj	MONDO:0024548

6	162864346	A	T	7047	AF_asj	MONDO:0010820

7	2984162	C	T	183144	AF_asj	MONDO:0014645,MONDO:0014081

7	107557794	G	A	11971	AF_asj	MONDO:0009529

7	150644554	C	T	67461	AF_asj	MONDO:0019171,MONDO:0012312,MONDO:0013367,MONDO:0002442

7	150644895	G	A	67435	AF_asj	MONDO:0019171,MONDO:0002442

8	42275478	G	A	29795	AF_asj	MONDO:0024538

8	63978594	C	T	65592	AF_asj	MONDO:0010188

8	90960063	T	A	142559	AF_asj	MONDO:0009623,MONDO:0004967,MONDO:0015909,MONDO:0015356

9	130630625	T	C	18265	AF_asj	MONDO:0012967

9	140094928	AGCCGCGCCCCC	A	137	AF_asj	MONDO:0013215

10	96030304	C	T	2350	AF_asj	MONDO:0012546

11	5247986	AG	A	15415	AF_asj	MONDO:0011381,MONDO:0019402,MONDO:0013517,MONDO:0007705,MONDO:0020989,MONDO:0054801,MONDO:0011382,MONDO:0021024,MONDO:0011399

11	6413206	T	C	2989	AF_asj	MONDO:0011871,MONDO:0009756,MONDO:0001982

11	47355107	C	T	177837	AF_asj	MONDO:0007268,MONDO:0014163,MONDO:0004994,MONDO:0005045

11	47367930	C	T	42807	AF_asj	MONDO:0014163,MONDO:0007268,MONDO:0004994,MONDO:0024573,MONDO:0005045

11	108168042	A	G	825311	AF_asj	MONDO:0015356

11	122953808	G	A	50385	AF_asj	MONDO:0002803,MONDO:0020718

12	8813491	C	A	162200	AF_asj	MONDO:0014514

12	25380275	T	G	177881	AF_asj	MONDO:0021060,MONDO:0005335,MONDO:0005233,MONDO:0011908,MONDO:0018874

12	76740673	GT	G	166723	AF_asj	MONDO:0015229,MONDO:0008854,MONDO:0014438

13	20763382	A	C	21385	AF_asj	MONDO:0009076,MONDO:0019497,MONDO:0011245,MONDO:0011103

14	21792906	A	G	834237	AF_asj	MONDO:0011987,MONDO:0013446,MONDO:0019118

14	23893328	G	A	164316	AF_asj	MONDO:0008647,MONDO:0013262,MONDO:0005021,MONDO:0005045

14	24724361	G	A	39523	AF_asj	MONDO:0009441

14	91804465	G	A	39861	AF_asj	MONDO:0009360

14	97342370	C	T	7497	AF_asj	MONDO:0016396,MONDO:0011866

14	105707619	G	A	161423	AF_asj	MONDO:0014529

15	34553159	C	A	159897	AF_asj	MONDO:0000902

15	43552666	A	G	157569	AF_asj	MONDO:0012345

15	44867119	C	CA	41336	AF_asj	MONDO:0011196,MONDO:0011445,MONDO:0014726,MONDO:0019064

15	91337541	G	A	803137	AF_asj	MONDO:0015356,MONDO:0008876

16	1841827	C	CGCGCAGGCT	8129	AF_asj	MONDO:0014420

16	56548399	T	G	4577	AF_asj	MONDO:0014692,MONDO:0014432,MONDO:0015229,MONDO:0019200

16	67974018	G	A	3664	AF_asj	MONDO:0007620

17	7577120	C	T	12366	AF_asj	MONDO:0005192,MONDO:0009837,MONDO:0016419,MONDO:0005575,MONDO:0013876,MONDO:0024498,MONDO:0032573,MONDO:0007256,MONDO:0015459,MONDO:0002629,MONDO:0008734,MONDO:0005335,MONDO:0006485,MONDO:0005082,MONDO:0006046,MONDO:0005036,MONDO:0006639,MONDO:0018177,MONDO:0021100,MONDO:0021211,MONDO:0006047,MONDO:0015356,MONDO:0021068,MONDO:0005012,MONDO:0004948,MONDO:0009693,MONDO:0018874,MONDO:0005097,MONDO:0008433,MONDO:0006468,MONDO:0005061,MONDO:0018875,MONDO:0007959,MONDO:0010150,MONDO:0005070,MONDO:0002911,MONDO:0005611,MONDO:0007254,MONDO:0001056,MONDO:0005212,MONDO:0019086

17	7578457	C	T	141963	AF_asj	MONDO:0018875,MONDO:0015356,MONDO:0005212

17	7578475	G	A	142766	AF_asj	MONDO:0018875,MONDO:0023644,MONDO:0015356,MONDO:0010150,MONDO:0016419

17	29576111	C	T	344	AF_asj	MONDO:0015356,MONDO:0008078,MONDO:0011035,MONDO:0018975,MONDO:0008672,MONDO:0011908

17	44248523	CAA	C	38930	AF_asj	MONDO:0012496

17	68171959	G	A	1477795	AF_asj	MONDO:0012314,MONDO:0008222

17	73732158	T	C	14735	AF_asj	MONDO:0009183

18	21118615	G	A	2976	AF_asj	MONDO:0009757

18	48604664	C	T	88673	AF_asj	MONDO:0015356,MONDO:0019625,MONDO:0007688,MONDO:0005192,MONDO:0008278,MONDO:0017380,MONDO:0008276

19	8665811	C	T	1946	AF_asj	MONDO:0010194

19	48806290	CA	C	39641	AF_asj	MONDO:0014030

20	3210076	G	A	1307	AF_asj	MONDO:0009019,MONDO:0009015

20	4680258	G	T	13410	AF_asj	MONDO:0007656,MONDO:0011299

20	62319118	G	T	42019	AF_asj	MONDO:0014076,MONDO:0014613,MONDO:0015780

21	35821874	G	A	132681	AF_asj	MONDO:0019171

22	19165292	C	T	42196	AF_asj	MONDO:0014072

22	29083962	G	A	128064	AF_asj	MONDO:0001056,MONDO:0015356,MONDO:0003582,MONDO:0016419

22	29091703	A	T	921419	AF_asj	MONDO:0015356,MONDO:0016419

22	38121765	C	T	1494	AF_asj	MONDO:0012355

22	46733822	T	C	1291	AF_asj	MONDO:0013111

22	51064006	C	A	370834	AF_asj	MONDO:0018868

X	76889148	G	A	11739	AF_asj	MONDO:0010663,MONDO:0010519
