1	949739	G	A	648609	AF_amr	MONDO:0014502

1	5935033	T	TGGAGC	496917	AF_amr	MONDO:0019005

1	12034713	G	A	14366	AF_amr	MONDO:0016002

1	20966445	C	A	1674719	AF_amr	MONDO:0011613

1	21890710	G	A	13678	AF_amr	MONDO:0016605,MONDO:0018570

1	24124305	G	T	167124	AF_amr	MONDO:0009257

1	24124650	T	C	3678	AF_amr	MONDO:0009257

1	24129015	TAA	T	31084	AF_amr	MONDO:0009520

1	24147035	C	A	195033	AF_amr	MONDO:0009520

1	24175161	C	A	683	AF_amr	MONDO:0009254

1	33502429	T	C	18252	AF_amr	MONDO:0009973

1	45480475	G	A	66	AF_amr	MONDO:0015104,MONDO:0008296,MONDO:0019799

1	45797417	T	TG	185770	AF_amr	MONDO:0015356,MONDO:0012041

1	45797914	C	A	570573	AF_amr	MONDO:0015356,MONDO:0012041

1	45974646	G	A	95706	AF_amr	MONDO:0010184

1	53675705	A	G	8968	AF_amr	MONDO:0012136,MONDO:0013633,MONDO:0009704,MONDO:0010914,MONDO:0015515

1	53676853	C	T	8959	AF_amr	MONDO:0012136,MONDO:0010914,MONDO:0013633,MONDO:0009704,MONDO:0015515

1	55318019	C	T	30578	AF_amr	MONDO:0011217

1	94512504	GC	G	7905	AF_amr	MONDO:0011395,MONDO:0009549

1	103412440	C	G	29647	AF_amr	MONDO:0016068

1	110607301	G	C	4644	AF_amr	MONDO:0007636

1	150776679	C	G	8421	AF_amr	MONDO:0009940

1	155204986	C	T	21070	AF_amr	MONDO:0009266,MONDO:0009267,MONDO:0009268,MONDO:0009265,MONDO:0018150

1	155205614	C	T	4327	AF_amr	MONDO:0008199,MONDO:0009268,MONDO:0009265,MONDO:0009266,MONDO:0009267,MONDO:0011945,MONDO:0007488,MONDO:0018150,MONDO:0002049

1	155207983	A	G	21072	AF_amr	MONDO:0009268,MONDO:0009265,MONDO:0009266,MONDO:0009267,MONDO:0008199,MONDO:0011945,MONDO:0007488,MONDO:0018150

1	155208387	C	A	4329	AF_amr	MONDO:0018150,MONDO:0011945

1	155208420	C	T	4291	AF_amr	MONDO:0009268,MONDO:0009265,MONDO:0009266,MONDO:0009267,MONDO:0018150,MONDO:0011945

1	160011434	G	A	7467	AF_amr	MONDO:0010933,MONDO:0013005,MONDO:0010134

1	160098797	C	T	12928	AF_amr	MONDO:0000700,MONDO:0011232,MONDO:0007087

1	161276512	T	G	14191	AF_amr	MONDO:0011909,MONDO:0007790,MONDO:0011889,MONDO:0011903,MONDO:0007307,MONDO:0011527,MONDO:0008392,MONDO:0019011

1	171605384	C	A	7957	AF_amr	MONDO:0020367

1	197059134	G	A	157918	AF_amr	MONDO:0012106

1	197062298	G	A	4960	AF_amr	MONDO:0016660,MONDO:0012106

1	197069668	CTT	C	157898	AF_amr	MONDO:0012106

1	197073148	G	A	157831	AF_amr	MONDO:0012106

1	197087006	C	T	4961	AF_amr	MONDO:0012106

1	197091060	ATC	A	157813	AF_amr	MONDO:0012106

1	197111709	TAA	T	157783	AF_amr	MONDO:0012106

1	201328345	C	T	177636	AF_amr	MONDO:0007266,MONDO:0011095,MONDO:0012900,MONDO:0004994,MONDO:0024573,MONDO:0005045

1	216011400	G	A	48621	AF_amr	MONDO:0013436

1	216498834	C	T	2355	AF_amr	MONDO:0019501,MONDO:0019118,MONDO:0010169

1	220364621	G	A	100787	AF_amr	MONDO:8000008,MONDO:0023910,MONDO:0013641

1	235993570	G	C	844489	AF_amr	MONDO:0008963

2	26683527	A	AG	65812	AF_amr	MONDO:0010986

2	26690054	C	T	21849	AF_amr	MONDO:0010986

2	26700593	C	A	65787	AF_amr	MONDO:0010986

2	26702467	CG	C	65786	AF_amr	MONDO:0010986

2	26703836	C	T	40177	AF_amr	MONDO:0010986

2	31754440	G	C	3348	AF_amr	MONDO:0009923

2	31754484	C	A	3349	AF_amr	MONDO:0009923

2	31758774	C	T	3340	AF_amr	MONDO:0009923

2	44105004	C	G	4969	AF_amr	MONDO:0020747

2	47251433	C	T	190393	AF_amr	MONDO:0009465

2	47630400	C	T	127652	AF_amr	MONDO:0015356

2	47641478	A	G	1764125	AF_amr	MONDO:0015356

2	47705494	C	T	483660	AF_amr	MONDO:0015356,MONDO:0005835

2	48026529	T	C	232779	AF_amr	MONDO:0015356

2	48026724	C	T	1580052	AF_amr	MONDO:0015356

2	48028264	C	G	216312	AF_amr	MONDO:0015356,MONDO:0005835

2	48030698	T	A	221123	AF_amr	MONDO:0013710,MONDO:0010159,MONDO:0002447,MONDO:0015356

2	48915089	G	T	14393	AF_amr	MONDO:0009384

2	71185243	T	C	12228	AF_amr	MONDO:0015827,MONDO:0001567,MONDO:0008171,MONDO:0009968

2	71740998	C	T	94352	AF_amr	MONDO:0015152,MONDO:0016145,MONDO:0009676

2	71839856	G	A	94321	AF_amr	MONDO:0016145,MONDO:0009676

2	71901372	C	T	6676	AF_amr	MONDO:0015152,MONDO:0016145,MONDO:0011721,MONDO:0024545,MONDO:0009676

2	73799776	C	A	1488419	AF_amr	MONDO:0008763

2	84686294	C	T	1967738	AF_amr	MONDO:0009504

2	113520105	C	CAA	162386	AF_amr	MONDO:0010092

2	113818479	T	C	30489	AF_amr	MONDO:0013626,MONDO:0100491

2	128186071	C	T	680	AF_amr	MONDO:0008316

2	128186468	G	C	657	AF_amr	MONDO:0008316

2	143718202	A	G	160355	AF_amr	MONDO:0009372

2	166785800	G	A	30938	AF_amr	MONDO:0019005,MONDO:0018770,MONDO:0013441

2	167168083	T	C	6368	AF_amr	MONDO:0013470,MONDO:0009459,MONDO:0024309,MONDO:0008179,MONDO:0100135,MONDO:0007571,MONDO:0800354

2	169826641	G	A	6589	AF_amr	MONDO:0011156

2	179312280	CTA	C	6347	AF_amr	MONDO:0012789

2	179501491	C	A	167788	AF_amr	MONDO:0011400,MONDO:0012127

2	191155151	T	C	1145	AF_amr	MONDO:0009603

2	206992622	T	C	31914	AF_amr	MONDO:0032610

2	208986452	C	T	16941	AF_amr	MONDO:0007281

2	215645974	C	CT	127742	AF_amr	MONDO:0015356,MONDO:0016419

2	219527906	G	A	6166	AF_amr	MONDO:0007415

2	219679186	G	A	1951417	AF_amr	MONDO:0008948

2	220115463	G	A	180182	AF_amr	MONDO:0014531

2	220432509	G	A	1049	AF_amr	MONDO:0013039

2	228153938	G	T	17490	AF_amr	MONDO:0018965,MONDO:0007709,MONDO:0008762

2	228172614	C	T	17484	AF_amr	MONDO:0008762,MONDO:0007086,MONDO:0007709,MONDO:0018965

2	233388652	T	C	183174	AF_amr	MONDO:0013293

2	234675738	G	A	12272	AF_amr	MONDO:0021020,MONDO:0007745

2	238242176	G	A	1436317	AF_amr	MONDO:0024530

2	238253001	C	T	192260	AF_amr	MONDO:0014627,MONDO:0009681,MONDO:0024530

2	239757211	C	T	30678	AF_amr	MONDO:0009203

2	241814576	T	C	5646	AF_amr	MONDO:0008171,MONDO:0001567,MONDO:0002474,MONDO:0009823

3	3186355	G	T	157613	AF_amr	MONDO:0014487

3	4459766	C	T	2677	AF_amr	MONDO:0010088

3	10131999	G	A	12038	AF_amr	MONDO:0009214,MONDO:0019391

3	10131999	G	T	2039377	AF_amr	MONDO:0019391

3	15512120	C	A	6649	AF_amr	MONDO:0011281

3	15677131	C	T	24989	AF_amr	MONDO:0009665

3	15683446	G	T	24999	AF_amr	MONDO:0009665

3	15685891	G	T	25018	AF_amr	MONDO:0009665

3	15686177	T	G	25043	AF_amr	MONDO:0009665

3	15686570	T	G	143949	AF_amr	MONDO:0009665

3	15686574	C	T	25065	AF_amr	MONDO:0009665

3	15686634	G	A	25075	AF_amr	MONDO:0009665

3	15686732	G	T	550861	AF_amr	MONDO:0009665

3	15686795	G	A	25108	AF_amr	MONDO:0009665

3	15686894	C	G	25097	AF_amr	MONDO:0009665

3	33065809	T	C	758587	AF_amr	MONDO:0009660,MONDO:0018149

3	33087629	G	A	941	AF_amr	MONDO:0017845,MONDO:0009660,MONDO:0009262,MONDO:0009261,MONDO:0009260,MONDO:0018149

3	33109783	C	T	92906	AF_amr	MONDO:0009261,MONDO:0009660,MONDO:0009262,MONDO:0009260,MONDO:0018149

3	33114036	G	A	935	AF_amr	MONDO:0009660,MONDO:0009262,MONDO:0009261,MONDO:0009260,MONDO:0018149

3	37061844	A	G	237351	AF_amr	MONDO:0015356,MONDO:0012249

3	38592729	C	T	67958	AF_amr	MONDO:0011001,MONDO:0024562,MONDO:0007240,MONDO:0011377,MONDO:0011376,MONDO:0011003,MONDO:0013530,MONDO:0015263

3	38592734	G	A	9383	AF_amr	MONDO:0013530,MONDO:0024562,MONDO:0011001,MONDO:0011377,MONDO:0011003,MONDO:0007240,MONDO:0011376,MONDO:0000190,MONDO:0015263

3	38592771	C	T	67953	AF_amr	MONDO:0015263

3	38601898	C	T	67841	AF_amr	MONDO:0019171

3	38640537	G	A	67695	AF_amr	MONDO:0015263,MONDO:0011001,MONDO:0007240,MONDO:0011376,MONDO:0011377,MONDO:0011003,MONDO:0013530,MONDO:0024562

3	38645505	A	C	67669	AF_amr	MONDO:0019171,MONDO:0015263,MONDO:0004994

3	38645526	G	A	67667	AF_amr	MONDO:0019171,MONDO:0008685,MONDO:0011001,MONDO:0007240,MONDO:0011376,MONDO:0011377,MONDO:0011003,MONDO:0013530,MONDO:0015263

3	38647447	G	A	579036	AF_amr	MONDO:0015263

3	38648201	G	A	67633	AF_amr	MONDO:0011001,MONDO:0011377,MONDO:0007240,MONDO:0011003,MONDO:0024562,MONDO:0013530,MONDO:0011376,MONDO:0015263,MONDO:0019171

3	38651441	C	T	68039	AF_amr	MONDO:0019171,MONDO:0015263

3	38662385	G	C	532122	AF_amr	MONDO:0015263

3	38671832	C	T	67808	AF_amr	MONDO:0015263,MONDO:0011001

3	48604152	C	T	17460	AF_amr	MONDO:0006543,MONDO:0009179

3	48612852	C	T	17450	AF_amr	MONDO:0007549,MONDO:0009179,MONDO:0006543

3	49141888	C	A	127115	AF_amr	MONDO:0014335

3	49168562	G	A	14530	AF_amr	MONDO:0012184,MONDO:0013621,MONDO:0005377

3	49455407	C	T	11981	AF_amr	MONDO:0011612

3	50379478	G	A	66024	AF_amr	MONDO:0014192

3	53223985	C	T	157675	AF_amr	MONDO:8000024

3	69168305	G	A	162217	AF_amr	MONDO:0014513

3	93722608	G	A	1991	AF_amr	MONDO:0012855

3	121980435	C	A	532592	AF_amr	MONDO:0011013,MONDO:0018458

3	129249848	C	T	417867	AF_amr	MONDO:0019200,MONDO:0015993,MONDO:0013395,MONDO:0012498

3	132400920	TCTC	T	2632	AF_amr	MONDO:0019005,MONDO:0011456,MONDO:0008833,MONDO:0009966

3	133666136	C	A	37169	AF_amr	MONDO:0013756

3	170716106	G	A	16095	AF_amr	MONDO:0009216

3	182788910	T	C	198578	AF_amr	MONDO:0018950,MONDO:0008861

3	183854522	A	T	195203	AF_amr	MONDO:0011380

3	184071901	C	T	100629	AF_amr	MONDO:0011576,MONDO:0011875,MONDO:0014292

3	190106120	T	C	1028522	AF_amr	MONDO:0009550

3	196214437	G	A	140755	AF_amr	MONDO:0012764

4	654327	AC	A	92766	AF_amr	MONDO:0013429

4	981738	G	T	92639	AF_amr	MONDO:0001586,MONDO:0011758

4	5620258	G	A	30665	AF_amr	MONDO:0008673,MONDO:0009162

4	15560806	C	T	745	AF_amr	MONDO:0018921,MONDO:0018772,MONDO:0012849

4	68619668	G	T	16026	AF_amr	MONDO:0007794

4	68619786	C	T	16032	AF_amr	MONDO:0007794

4	100529984	G	A	14238	AF_amr	MONDO:0008692

4	110791223	C	T	39439	AF_amr	MONDO:0014026

4	122824185	C	T	192274	AF_amr	MONDO:0014626

4	126355504	G	A	89006	AF_amr	MONDO:0014454,MONDO:0014242

4	128859936	A	T	65897	AF_amr	MONDO:0014515,MONDO:0012588

4	187122483	C	T	39274	AF_amr	MONDO:0008865

4	187130097	G	T	802105	AF_amr	MONDO:0008865

5	35867539	G	A	36392	AF_amr	MONDO:0015974,MONDO:0012163

5	35871172	C	T	14843	AF_amr	MONDO:0012163

5	38496580	G	A	14460	AF_amr	MONDO:0031280

5	41805776	G	C	8163	AF_amr	MONDO:0009492

5	42700080	A	G	8635	AF_amr	MONDO:0009877

5	52394432	T	G	6115	AF_amr	MONDO:0009644

5	70898448	T	C	1923	AF_amr	MONDO:0008862

5	78135257	A	C	888	AF_amr	MONDO:0009661

5	78264918	C	T	2080724	AF_amr	MONDO:0009661

5	112175507	C	G	482517	AF_amr	MONDO:0015356

5	112399807	C	T	14203	AF_amr	MONDO:0002032

5	118844871	A	T	7656	AF_amr	MONDO:0017312,MONDO:0009855,MONDO:0009300

5	118861666	G	A	350468	AF_amr	MONDO:0009300,MONDO:0009855,MONDO:0017312

5	126674906	C	T	30967	AF_amr	MONDO:0859515,MONDO:0013731

5	127674672	C	A	526	AF_amr	MONDO:0007363

5	136975551	G	A	100530	AF_amr	MONDO:0013781,MONDO:0007772

5	136975563	C	A	30520	AF_amr	MONDO:0013781,MONDO:0007772

5	136997639	G	A	30519	AF_amr	MONDO:0013781,MONDO:0007772

5	138386649	G	A	2625	AF_amr	MONDO:0009567

5	172659778	G	T	283727	AF_amr	MONDO:0007173,MONDO:0016581,MONDO:0013749,MONDO:0013752,MONDO:0009154,MONDO:0008542

5	172659901	G	A	9010	AF_amr	MONDO:0013749,MONDO:0013752,MONDO:0009154,MONDO:0008542,MONDO:0016581,MONDO:0007173

5	174156297	G	A	16963	AF_amr	MONDO:0008197

5	176831232	G	T	1169	AF_amr	MONDO:0012526,MONDO:0009315,MONDO:0019623

5	177421154	G	A	8105	AF_amr	MONDO:0009878

5	180046749	C	T	16269	AF_amr	MONDO:0007919

6	6248561	C	T	16531	AF_amr	MONDO:0013187

6	7584592	G	A	29672	AF_amr	MONDO:0011831,MONDO:0011581

6	15627622	G	A	3432	AF_amr	MONDO:0013559

6	35423630	C	T	8709	AF_amr	MONDO:0010953

6	41129260	C	T	5217	AF_amr	MONDO:0020750

6	42689649	G	A	13183	AF_amr	MONDO:0019118,MONDO:0013137,MONDO:0008210,MONDO:0019200,MONDO:0019353,MONDO:0018973,MONDO:0000455

6	42937433	GCA	G	92779	AF_amr	MONDO:0019234

6	45399682	G	A	1698843	AF_amr	MONDO:0007340

6	47580228	C	T	5704	AF_amr	MONDO:0011917

6	49426900	C	T	167312	AF_amr	MONDO:0002012,MONDO:0009612

6	64430522	A	T	538	AF_amr	MONDO:0019118,MONDO:0019200,MONDO:0011272

6	64472506	C	T	143112	AF_amr	MONDO:0019118,MONDO:0019200,MONDO:0011272

6	65523270	C	T	1069772	AF_amr	MONDO:0011272

6	72960710	G	A	4168	AF_amr	MONDO:0019118,MONDO:0011355

6	74348200	T	C	5618	AF_amr	MONDO:0010027

6	74351439	A	G	100735	AF_amr	MONDO:0011449,MONDO:0010027

6	76554623	C	T	164634	AF_amr	MONDO:0011660,MONDO:0011912

6	80910707	C	T	96609	AF_amr	MONDO:0023692,MONDO:0009563

6	123825044	G	A	66016	AF_amr	MONDO:0011484,MONDO:0014191

6	123892124	G	A	463670	AF_amr	MONDO:0011484

6	129807750	T	C	1111622	AF_amr	MONDO:0100228

6	131894454	T	C	2393	AF_amr	MONDO:0008814

6	131897806	C	G	1025000	AF_amr	MONDO:0008814

6	131897806	C	T	2397	AF_amr	MONDO:0008814

6	137143923	C	G	7788	AF_amr	MONDO:0015776,MONDO:0008972,MONDO:0009958,MONDO:0013945

6	137146410	G	C	188975	AF_amr	MONDO:0009958,MONDO:0008972,MONDO:0013945

6	145948713	C	A	834981	AF_amr	MONDO:0020074

6	162394433	C	T	7046	AF_amr	MONDO:0010820

7	21788220	C	T	6474	AF_amr	MONDO:0012748

7	31010798	T	A	15991	AF_amr	MONDO:0032567

7	33423280	C	T	2657	AF_amr	MONDO:0015229,MONDO:0014437

7	34094913	C	T	30742	AF_amr	MONDO:0011946

7	44187429	G	A	16134	AF_amr	MONDO:0100165,MONDO:0018911,MONDO:0007453,MONDO:0011236,MONDO:0005148

7	44189409	A	G	804852	AF_amr	MONDO:0007453

7	50607624	C	T	17809	AF_amr	MONDO:0012084

7	65439673	C	T	92584	AF_amr	MONDO:0009662

7	81381566	C	T	14949	AF_amr	MONDO:0012003

7	91852184	G	A	5721	AF_amr	MONDO:0000820,MONDO:0020724

7	95751008	G	GT	6006	AF_amr	MONDO:0015991,MONDO:0016602,MONDO:0016603,MONDO:0011601

7	107323983	G	T	370123	AF_amr	MONDO:0010134

7	107350624	C	T	165265	AF_amr	MONDO:0010134

7	107559543	C	T	11965	AF_amr	MONDO:0009529

7	117175335	C	T	54026	AF_amr	MONDO:0009061,MONDO:0010178

7	117199600	C	T	7155	AF_amr	MONDO:0009061,MONDO:0010178,MONDO:0008887,MONDO:0008185

7	117199696	GC	G	1073653	AF_amr	MONDO:0009061

7	117227809	C	A	7173	AF_amr	MONDO:0009061,MONDO:0008887,MONDO:0010178,MONDO:0008185

7	117227855	T	C	1559542	AF_amr	MONDO:0009061

7	117227855	T	G	40190	AF_amr	MONDO:0010178,MONDO:0009061,MONDO:0008887,MONDO:0008185

7	117227859	G	A	7142	AF_amr	MONDO:0008185,MONDO:0009061

7	117230406	G	A	48681	AF_amr	MONDO:0009061,MONDO:0010178

7	117230409	C	A	7240	AF_amr	MONDO:0010178,MONDO:0009061

7	117250646	CAGTGAT	C	38480	AF_amr	MONDO:0009061,MONDO:0010178

7	117251761	G	A	7194	AF_amr	MONDO:0010178,MONDO:0009061,MONDO:0008185,MONDO:0008887

7	117267719	G	A	53779	AF_amr	MONDO:0009061

7	117282517	CA	C	7231	AF_amr	MONDO:0009061,MONDO:0010178

7	127970949	A	G	732	AF_amr	MONDO:0012794

7	128038485	C	T	14835	AF_amr	MONDO:0008379

7	128413840	G	A	64	AF_amr	MONDO:0008610

7	138394378	C	T	5159	AF_amr	MONDO:0011268,MONDO:0018440

7	142459788	C	T	11883	AF_amr	MONDO:0008185

7	143036620	G	T	17535	AF_amr	MONDO:0008055,MONDO:0009715

7	150644471	G	A	67467	AF_amr	MONDO:0019171,MONDO:0012312,MONDO:0013367,MONDO:0100316,MONDO:0002442

7	150671974	G	A	514956	AF_amr	MONDO:0002442

7	155596217	C	G	1488729	AF_amr	MONDO:0007733

8	17922010	T	A	92	AF_amr	MONDO:0009218

8	19813374	C	T	718874	AF_amr	MONDO:0009387

8	21976740	C	T	7340	AF_amr	MONDO:0008757

8	31014977	C	T	5444	AF_amr	MONDO:0010196

8	38103270	C	T	39681	AF_amr	MONDO:0014018

8	43014064	A	G	1236	AF_amr	MONDO:0014687,MONDO:0009657,MONDO:0018937

8	61765813	G	A	800156	AF_amr	MONDO:0008965

8	68076703	C	G	2185558	AF_amr	MONDO:0014288

8	75274121	C	T	4193	AF_amr	MONDO:0015626,MONDO:0012014,MONDO:0011898,MONDO:0008961,MONDO:0011916

8	75275175	C	G	4191	AF_amr	MONDO:0012014,MONDO:0011898,MONDO:0008961,MONDO:0011916

8	75275286	C	T	4202	AF_amr	MONDO:0015626,MONDO:0011916,MONDO:0008961

8	90971047	G	A	190229	AF_amr	MONDO:0015356,MONDO:0009623,MONDO:0015909,MONDO:0004967

8	90982646	A	C	190228	AF_amr	MONDO:0015356,MONDO:0009623

8	100654663	C	T	68089	AF_amr	MONDO:0008999

8	143822644	A	G	4606	AF_amr	MONDO:0009552

8	145741697	C	G	572054	AF_amr	MONDO:0015356,MONDO:0009039

9	34513163	G	A	5606	AF_amr	MONDO:0016575,MONDO:0009484

9	34647487	A	G	25142	AF_amr	MONDO:0018116,MONDO:0009258

9	34647847	C	T	1147648	AF_amr	MONDO:0009258

9	34647864	C	T	25174	AF_amr	MONDO:0018116,MONDO:0009258

9	34647894	G	A	25178	AF_amr	MONDO:0018116,MONDO:0009258

9	34648373	G	A	3622	AF_amr	MONDO:0018116,MONDO:0009258

9	34648385	C	T	25230	AF_amr	MONDO:0009258

9	34648818	G	A	25252	AF_amr	MONDO:0018116,MONDO:0009258

9	34648886	G	A	38277	AF_amr	MONDO:0009258

9	35658020	C	CCTCAGCTTCACAGAGTAG	551924	AF_amr	MONDO:0009595,MONDO:0011773

9	35738808	G	A	41485	AF_amr	MONDO:0013737,MONDO:0019064

9	77457246	G	A	3582	AF_amr	MONDO:0011176

9	79828156	C	T	4685	AF_amr	MONDO:0008695

9	98011537	G	A	12046	AF_amr	MONDO:0015356,MONDO:0019391,MONDO:0009213

9	101894968	G	T	12527	AF_amr	MONDO:0012212

9	103046624	C	T	11959	AF_amr	MONDO:0019005,MONDO:0011190

9	103055234	C	A	1543837	AF_amr	MONDO:0019005

9	108358912	C	T	3200	AF_amr	MONDO:0009678,MONDO:0000171

9	116151368	C	T	16866	AF_amr	MONDO:0013000

9	116958257	G	C	143245	AF_amr	MONDO:0014061

9	129455806	C	T	7010	AF_amr	MONDO:0008061

9	130587239	G	A	1142555	AF_amr	MONDO:0019180

9	133333869	C	T	6332	AF_amr	MONDO:0015991,MONDO:0008988

9	133346264	G	T	458674	AF_amr	MONDO:0015991,MONDO:0008988

9	133355834	G	A	92375	AF_amr	MONDO:0008988,MONDO:0015991

9	134388718	C	T	39435	AF_amr	MONDO:0012248

9	139264832	G	A	88852	AF_amr	MONDO:0008905

9	140637870	C	A	1105668	AF_amr	MONDO:0027407

10	14987109	G	A	4665	AF_amr	MONDO:0011225,MONDO:0011338

10	43609104	C	T	549782	AF_amr	MONDO:0019003,MONDO:0015356

10	43609950	C	G	13918	AF_amr	MONDO:0015074,MONDO:0015277,MONDO:0015356,MONDO:0019003,MONDO:0007540,MONDO:0008234,MONDO:0008082,MONDO:0012552,MONDO:0008233

10	43615592	T	G	13951	AF_amr	MONDO:0015277,MONDO:0015356,MONDO:0019003,MONDO:0007540,MONDO:0008082,MONDO:0008234,MONDO:0007958,MONDO:0012552,MONDO:0007723,MONDO:0008233

10	48416491	C	T	646500	AF_amr	MONDO:0014217

10	71332481	G	T	5322	AF_amr	MONDO:0012479

10	71332522	C	A	5323	AF_amr	MONDO:0012479

10	72195155	C	T	8269	AF_amr	MONDO:0018677,MONDO:0700112,MONDO:0008685

10	73122025	G	A	30948	AF_amr	MONDO:0011273

10	88441488	C	T	4732	AF_amr	MONDO:0011094,MONDO:0012277

10	89624274	T	C	215732	AF_amr	MONDO:0015356,MONDO:0017623

10	96014013	C	T	2346	AF_amr	MONDO:0012546

10	96018829	C	T	18424	AF_amr	MONDO:0012546

10	100183554	T	TGGGCCTCCCCTGCTGG	5277	AF_amr	MONDO:0019312,MONDO:0008748

10	100195036	G	A	21104	AF_amr	MONDO:0019312,MONDO:0008748

10	112572056	G	A	269	AF_amr	MONDO:0013168

10	124266333	C	T	7488	AF_amr	MONDO:0014768,MONDO:0010829

10	126086555	G	A	177	AF_amr	MONDO:0009796

10	127503663	T	C	3753	AF_amr	MONDO:0009902

11	822494	C	T	1874	AF_amr	MONDO:0012545

11	2181023	T	C	65581	AF_amr	MONDO:0100164

11	2466525	C	A	933445	AF_amr	MONDO:0011857,MONDO:0007534,MONDO:0100316,MONDO:0024540,MONDO:0012313,MONDO:0002442

11	2594100	G	A	3144	AF_amr	MONDO:0012313,MONDO:0024540,MONDO:0007534,MONDO:0011857,MONDO:0100316,MONDO:0019171,MONDO:0002442

11	2610029	C	G	67025	AF_amr	MONDO:0019171,MONDO:0002442

11	2799223	G	A	67054	AF_amr	MONDO:0002442,MONDO:0011857,MONDO:0007534,MONDO:0012313,MONDO:0100316,MONDO:0024540

11	5248215	TA	T	15423	AF_amr	MONDO:0044348,MONDO:0019402

11	6413025	G	A	2987	AF_amr	MONDO:0011871,MONDO:0009756,MONDO:0001982

11	17408737	C	T	8683	AF_amr	MONDO:0014589,MONDO:0100164,MONDO:0011153,MONDO:0012522,MONDO:0018911

11	17408863	T	C	8677	AF_amr	MONDO:0018911,MONDO:0011153,MONDO:0005148

11	17408878	G	A	8675	AF_amr	MONDO:0018911,MONDO:0011153

11	36596536	G	A	13143	AF_amr	MONDO:0011338,MONDO:0009306,MONDO:0011086

11	36615033	C	A	1483301	AF_amr	MONDO:0011086,MONDO:0009306

11	46748113	C	T	13303	AF_amr	MONDO:0013361

11	46897497	C	G	30410	AF_amr	MONDO:0013679,MONDO:0008931,MONDO:0014578

11	47353626	G	A	42744	AF_amr	MONDO:0005045,MONDO:0002442,MONDO:0007268,MONDO:0014163,MONDO:0004994,MONDO:0024573

11	47355169	G	A	705479	AF_amr	MONDO:0005045

11	47362584	C	T	180958	AF_amr	MONDO:0005045

11	47362757	T	A	180954	AF_amr	MONDO:0005045

11	47362785	GT	G	42568	AF_amr	MONDO:0004994,MONDO:0007268,MONDO:0005045

11	47364284	C	T	862072	AF_amr	MONDO:0005045

11	47364607	C	T	628463	AF_amr	MONDO:0005045,MONDO:0004994

11	47364614	C	T	180929	AF_amr	MONDO:0004994,MONDO:0005045

11	47368981	T	A	181054	AF_amr	MONDO:0004994,MONDO:0024573,MONDO:0005045

11	57427367	G	A	143934	AF_amr	MONDO:0014349

11	62458604	G	A	4545	AF_amr	MONDO:0018883,MONDO:0010020

11	64514268	A	T	526617	AF_amr	MONDO:0009293

11	64519069	C	T	2313	AF_amr	MONDO:0009293

11	67815139	G	T	5464	AF_amr	MONDO:0009815

11	68548130	G	A	65644	AF_amr	MONDO:0009705

11	68552419	A	C	65639	AF_amr	MONDO:0009705

11	71146507	C	G	554965	AF_amr	MONDO:0010035

11	71148980	C	T	93724	AF_amr	MONDO:0010035

11	94204738	A	T	140936	AF_amr	MONDO:0011457,MONDO:0015356

11	108005967	C	G	2846	AF_amr	MONDO:0008760

11	108009632	TGG	T	166649	AF_amr	MONDO:0008760

11	108106446	A	G	231171	AF_amr	MONDO:0008840,MONDO:0015356

11	108164206	T	C	141672	AF_amr	MONDO:0015356,MONDO:0008840

11	108181032	C	T	141404	AF_amr	MONDO:0008840,MONDO:0015356,MONDO:0016419

11	108202677	CAG	C	220550	AF_amr	MONDO:0001056,MONDO:0015356,MONDO:0008840

11	108206683	TATAAG	T	181865	AF_amr	MONDO:0015356,MONDO:0008840

11	110102614	C	T	13184	AF_amr	MONDO:0012602

11	111959663	C	T	6896	AF_amr	MONDO:0014045,MONDO:0008233,MONDO:0011740,MONDO:0015356,MONDO:0017366,MONDO:0008192,MONDO:0100294

11	118210617	G	T	12748	AF_amr	MONDO:0014280

11	118211085	C	T	180674	AF_amr	MONDO:0014280

11	119149251	G	A	13810	AF_amr	MONDO:0013308,MONDO:0021060,MONDO:0005212

11	119215049	G	T	183043	AF_amr	MONDO:0012605

11	123513210	G	A	140597	AF_amr	MONDO:0800349,MONDO:0013146

11	125871707	G	C	30747	AF_amr	MONDO:0013642

11	128709555	G	A	9157	AF_amr	MONDO:0009424

12	6457364	G	A	9267	AF_amr	MONDO:0009917

12	40704236	C	G	1936	AF_amr	MONDO:0011764

12	48238777	C	T	7759	AF_amr	MONDO:0010186

12	58023965	G	A	60524	AF_amr	MONDO:0012213

12	58157581	G	A	1668	AF_amr	MONDO:0020723

12	64199064	AG	A	39603	AF_amr	MONDO:0014022

12	102158710	G	A	553877	AF_amr	MONDO:0009650,MONDO:0018931

12	102161925	C	T	96117	AF_amr	MONDO:0009650,MONDO:0018931

12	102163960	G	T	2185668	AF_amr	MONDO:0018931,MONDO:0009650

12	110023903	G	A	39726	AF_amr	MONDO:0008293,MONDO:0009849,MONDO:0012481

12	112926909	A	G	13345	AF_amr	MONDO:0021060,MONDO:0100082,MONDO:0008104

13	20763070	ATATC	A	158609	AF_amr	MONDO:0009076,MONDO:0011103,MONDO:0005365

13	20763245	T	A	17024	AF_amr	MONDO:0007852,MONDO:0007866,MONDO:0011245,MONDO:0007422,MONDO:0009076,MONDO:0010576,MONDO:0007850,MONDO:0011103

13	20763356	T	A	44742	AF_amr	MONDO:0009076,MONDO:0011103,MONDO:0005365

13	20763590	C	T	188830	AF_amr	MONDO:0011245,MONDO:0007850,MONDO:0007852,MONDO:0007866,MONDO:0009076,MONDO:0007422,MONDO:0011103,MONDO:0010576

13	20797510	A	T	5547	AF_amr	MONDO:0007510

14	21795846	G	A	95949	AF_amr	MONDO:0018998,MONDO:0011987,MONDO:0013446

14	23889355	TC	T	1426512	AF_amr	MONDO:0005045

14	23896877	T	C	181354	AF_amr	MONDO:0005045

14	23900798	C	T	14126	AF_amr	MONDO:0004994,MONDO:0008647,MONDO:0800351,MONDO:0005045,MONDO:0008685

14	24727811	ATGTGT	A	39537	AF_amr	MONDO:0009441

14	24728950	C	T	39530	AF_amr	MONDO:0009441

14	24728951	G	A	39529	AF_amr	MONDO:0017778,MONDO:0009441

14	51211022	T	C	37291	AF_amr	MONDO:0013922

14	51224083	T	C	37290	AF_amr	MONDO:0013922

14	55310741	C	G	9286	AF_amr	MONDO:0100098

14	68191267	C	A	1037561	AF_amr	MONDO:0012990

14	68249557	G	A	749	AF_amr	MONDO:0010044

14	74959951	C	G	1672934	AF_amr	MONDO:0011873

14	88414088	CT	C	188826	AF_amr	MONDO:0009499

14	88883069	C	G	1014980	AF_amr	MONDO:0011415

15	35083364	C	T	18323	AF_amr	MONDO:0012799,MONDO:0013011,MONDO:0013261,MONDO:0004994

15	36950041	A	C	692134	AF_amr	MONDO:0014285

15	40705287	G	A	198480	AF_amr	MONDO:0009475

15	42702844	G	A	128570	AF_amr	MONDO:0009675

15	42703124	G	C	652571	AF_amr	MONDO:0009675

15	44856737	ATACT	A	41362	AF_amr	MONDO:0011445

15	44859635	CTCAA	C	41347	AF_amr	MONDO:0011445,MONDO:0011196,MONDO:0014726

15	48543900	G	A	8754	AF_amr	MONDO:0100344

15	55516100	C	T	1443147	AF_amr	MONDO:0011872

15	57524525	C	G	55913	AF_amr	MONDO:0014128

15	72639021	G	A	3905	AF_amr	MONDO:0010100

15	72642858	C	G	375358	AF_amr	MONDO:0010100

15	73004583	A	G	9147	AF_amr	MONDO:0015229,MONDO:0014433

15	74487712	G	GC	1140	AF_amr	MONDO:0011010

15	89865008	G	A	13512	AF_amr	MONDO:0009783,MONDO:0008758

15	91312766	CAG	C	42071	AF_amr	MONDO:0015356,MONDO:0008876

15	91352462	C	T	42089	AF_amr	MONDO:0015356,MONDO:0008876

15	91548102	C	G	88858	AF_amr	MONDO:0008822

16	731186	A	G	162097	AF_amr	MONDO:0032526,MONDO:0014339

16	1614075	C	T	31679	AF_amr	MONDO:0009964,MONDO:0054708

16	1633367	G	A	886295	AF_amr	MONDO:0009964

16	4848594	G	A	888240	AF_amr	MONDO:0009185

16	5132616	A	G	30536	AF_amr	MONDO:0012052

16	14029554	C	G	998305	AF_amr	MONDO:0014108

16	23641139	G	C	186458	AF_amr	MONDO:0015356,MONDO:0003582,MONDO:0016419

16	23641550	AT	A	182738	AF_amr	MONDO:0015356,MONDO:0016419

16	23646627	G	A	128117	AF_amr	MONDO:0001056,MONDO:0016419,MONDO:0012565,MONDO:0013236,MONDO:0015356,MONDO:0003582,MONDO:0007254

16	23647638	A	G	233693	AF_amr	MONDO:0015356,MONDO:0016419

16	30997526	G	T	2883	AF_amr	MONDO:0011906

16	31202373	C	T	29707	AF_amr	MONDO:0011951

16	47536948	G	C	13622	AF_amr	MONDO:0009868

16	57687248	G	A	158634	AF_amr	MONDO:0011738

16	66551050	CCTT	C	38995	AF_amr	MONDO:0018158,MONDO:0012301

16	66551082	C	T	38994	AF_amr	MONDO:0012301

16	67470154	G	A	12101	AF_amr	MONDO:0009025

16	68719191	G	A	17639	AF_amr	MONDO:0011107

16	68845757	C	G	567658	AF_amr	MONDO:0015356,MONDO:0007648

16	71025300	C	A	65472	AF_amr	MONDO:0012088

16	72045983	G	A	16802	AF_amr	MONDO:0009903

16	74752969	G	A	30870	AF_amr	MONDO:0012866

16	88904111	G	A	709	AF_amr	MONDO:0009659

16	88904119	C	T	93179	AF_amr	MONDO:0009659

16	90001763	G	A	6964	AF_amr	MONDO:0010912

17	4802804	G	T	534260	AF_amr	MONDO:0011600

17	7127006	C	G	1397628	AF_amr	MONDO:0008723

17	7980376	G	A	39543	AF_amr	MONDO:0009439

17	8140710	C	T	30998	AF_amr	MONDO:0015780,MONDO:0024564

17	14005547	C	A	7522	AF_amr	MONDO:0033635

17	17118312	CCTT	C	96477	AF_amr	MONDO:0015356,MONDO:0007607

17	17119790	T	TG	96473	AF_amr	MONDO:0008259,MONDO:0007607

17	17120442	G	T	822209	AF_amr	MONDO:0015356

17	17701685	G	A	2949	AF_amr	MONDO:0008434

17	29553492	C	T	188280	AF_amr	MONDO:0015356,MONDO:0005212,MONDO:0003235,MONDO:0011035,MONDO:0018975

17	29557401	G	A	345	AF_amr	MONDO:0018975,MONDO:0015356

17	39973401	G	A	41473	AF_amr	MONDO:0009806,MONDO:0012592

17	40693145	C	G	1570	AF_amr	MONDO:0009656,MONDO:0014665

17	40695951	C	T	1565	AF_amr	MONDO:0009656,MONDO:0014665,MONDO:0019249

17	40696045	G	A	1560	AF_amr	MONDO:0014665,MONDO:0009656

17	41243686	CCTCA	C	37553	AF_amr	MONDO:0015356,MONDO:0003582,MONDO:0011450

17	41243899	A	AT	37535	AF_amr	MONDO:0013685,MONDO:0054748,MONDO:0011450,MONDO:0016419,MONDO:0015356,MONDO:0003582

17	41244318	CCT	C	37516	AF_amr	MONDO:0015356,MONDO:0003582,MONDO:0011450,MONDO:0016419

17	41245663	TACTG	T	54379	AF_amr	MONDO:0015356,MONDO:0003582,MONDO:0011450,MONDO:0016419

17	42084997	T	TG	1385518	AF_amr	MONDO:0009377

17	48154006	G	C	35572	AF_amr	MONDO:0005377,MONDO:0013881

17	56772552	T	C	182835	AF_amr	MONDO:0013253,MONDO:0013248,MONDO:0015356,MONDO:0003582

17	56774151	A	G	825386	AF_amr	MONDO:0015356

17	62034874	C	T	5919	AF_amr	MONDO:0013620,MONDO:0008224,MONDO:0005336

17	62041947	C	T	5910	AF_amr	MONDO:0013620,MONDO:0018959,MONDO:0008224,MONDO:0013234,MONDO:0008195,MONDO:0042979

17	66538952	T	C	35476	AF_amr	MONDO:0008771

17	73723504	G	A	14734	AF_amr	MONDO:0009183,MONDO:0030768

17	73732134	C	T	14733	AF_amr	MONDO:0009183

17	73754172	G	A	5631	AF_amr	MONDO:0009255

17	79892987	G	C	13196	AF_amr	MONDO:0013051

18	20562357	G	T	130101	AF_amr	MONDO:0011715

18	29178580	C	T	13454	AF_amr	MONDO:0015626,MONDO:0007100,MONDO:0007785

18	44114411	C	A	163910	AF_amr	MONDO:0013119

18	44702587	A	C	30785	AF_amr	MONDO:0031481,MONDO:0100328

18	46858378	T	C	198883	AF_amr	MONDO:0009130,MONDO:0011814

18	46906063	C	T	3189	AF_amr	MONDO:0011814

18	46956717	G	C	3184	AF_amr	MONDO:0009130

18	47462620	A	T	180212	AF_amr	MONDO:0009635

18	47462646	G	A	4252	AF_amr	MONDO:0009635

18	48593485	C	T	385763	AF_amr	MONDO:0015356,MONDO:0019625,MONDO:0017380

18	52896218	C	T	7371	AF_amr	MONDO:0012589

19	853019	T	C	16746	AF_amr	MONDO:0042490,MONDO:0008090

19	853022	G	C	2188546	AF_amr	MONDO:0042490,MONDO:0008090

19	11216263	C	G	3690	AF_amr	MONDO:0018328,MONDO:0005439,MONDO:0007750

19	11559732	C	G	13242	AF_amr	MONDO:0008265

19	12923963	G	A	66066	AF_amr	MONDO:0018866,MONDO:0012472

19	17927729	G	C	14829	AF_amr	MONDO:0009047

19	17999206	C	G	7667	AF_amr	MONDO:0020716

19	30199322	G	A	31156	AF_amr	MONDO:0013674

19	33353388	C	T	5783	AF_amr	MONDO:0009067

19	36556889	CT	C	31039	AF_amr	MONDO:0011435

19	41114221	C	T	40002	AF_amr	MONDO:0013170

19	41119359	C	A	5397	AF_amr	MONDO:0013170

19	41916722	G	A	93351	AF_amr	MONDO:0023691,MONDO:0009563

19	41928167	G	A	2380	AF_amr	MONDO:0023691,MONDO:0009563

19	45412013	C	A	17850	AF_amr	MONDO:0018473

19	47260094	A	G	4235	AF_amr	MONDO:0015152,MONDO:0011688,MONDO:0011787,MONDO:0000171,MONDO:0020121,MONDO:0009364,MONDO:0013157

19	48809582	T	C	39639	AF_amr	MONDO:0014030,MONDO:0016575

19	49519947	TCAGCAGCAGCAA	T	189292	AF_amr	MONDO:0009223

19	50365103	CGTG	C	190219	AF_amr	MONDO:0014557,MONDO:0013389,MONDO:0013254,MONDO:0011570

20	3209330	C	T	1304	AF_amr	MONDO:0009019

20	4680464	G	A	13398	AF_amr	MONDO:0010808,MONDO:0007403,MONDO:0011299

20	10394008	C	T	5311	AF_amr	MONDO:0009367,MONDO:0015229,MONDO:0011523

20	17956513	A	G	40052	AF_amr	MONDO:0014039

20	25288616	G	GGCTCTTA	26	AF_amr	MONDO:0012984

20	34022018	G	A	39515	AF_amr	MONDO:0014032

20	35533853	G	A	126406	AF_amr	MONDO:0013059

20	35563508	G	A	4067	AF_amr	MONDO:0013739,MONDO:0013059,MONDO:0018866

21	35742970	G	C	67612	AF_amr	MONDO:0019171,MONDO:0013370,MONDO:0012677

21	35821913	G	A	13476	AF_amr	MONDO:0019171,MONDO:0012871

21	38137345	C	T	1911	AF_amr	MONDO:0009666

21	43176917	A	T	30512	AF_amr	MONDO:0009901

21	44485591	G	A	132	AF_amr	MONDO:0004737,MONDO:0009352

21	45196141	C	A	431700	AF_amr	MONDO:0009698

21	46309291	G	A	9458	AF_amr	MONDO:0007293

21	47546449	C	T	17165	AF_amr	MONDO:0009714,MONDO:0024530

21	47773029	C	T	159565	AF_amr	MONDO:0008872

22	17688167	G	C	120302	AF_amr	MONDO:0014306,MONDO:0019751

22	29106048	C	T	182430	AF_amr	MONDO:0015356,MONDO:0016419,MONDO:0005575,MONDO:0008315,MONDO:0002629

22	29115401	A	ATGAT	185552	AF_amr	MONDO:0015356,MONDO:0003582,MONDO:0016419

22	32210991	C	G	1044457	AF_amr	MONDO:0020310

22	32211195	C	G	2054415	AF_amr	MONDO:0020310

22	38516809	C	T	159743	AF_amr	MONDO:0017998

22	38519251	A	T	159731	AF_amr	MONDO:0017998,MONDO:0012444,MONDO:0024457

22	50307128	G	A	3434	AF_amr	MONDO:0011783

22	51064480	C	T	556001	AF_amr	MONDO:0018868

22	51065104	C	G	21187	AF_amr	MONDO:0018868

22	51066173	GC	G	93122	AF_amr	MONDO:0018868

X	13764522	A	G	2062475	AF_amr	MONDO:0018772,MONDO:0010702

X	13764919	C	G	259101	AF_amr	MONDO:0018772,MONDO:0010702

X	13764919	C	T	2180645	AF_amr	MONDO:0010702,MONDO:0018772

X	31224780	G	A	11282	AF_amr	MONDO:0010679,MONDO:0010311,MONDO:0004994,MONDO:0010542

X	32382719	G	C	2155764	AF_amr	MONDO:0010679

X	32563427	G	C	1467637	AF_amr	MONDO:0010679,MONDO:0010542,MONDO:0010311

X	32717336	G	C	2104439	AF_amr	MONDO:0010679

X	38260634	G	C	803978	AF_amr	MONDO:0010703

X	44922694	C	G	1037454	AF_amr	MONDO:0010465

X	66941699	G	A	492796	AF_amr	MONDO:0019154

X	99917224	A	C	10776	AF_amr	MONDO:0010388

X	135738536	C	T	423253	AF_amr	MONDO:0010626

X	138619304	G	A	10573	AF_amr	MONDO:0010604,MONDO:0010432,MONDO:0010602

X	152830539	G	A	39839	AF_amr	MONDO:0010547

X	153296078	TGGTGGGGTCCTCGGAGCTCTCGGGCTCAGGTGGAGGTGGGGGCAGG	T	143360	AF_amr	MONDO:0010397,MONDO:0010726

X	153296859	C	T	413769	AF_amr	MONDO:0010397

X	154182236	G	A	10236	AF_amr	MONDO:0859082,MONDO:0010602,MONDO:0010604

X	154185324	T	C	10226	AF_amr	MONDO:0010602

X	154221319	G	A	10176	AF_amr	MONDO:0010602
