1	949739	G	T	161454	AF_eas	MONDO:0014502

1	1168352	C	T	60485	AF_eas	MONDO:0010075

1	6528438	C	G	60779	AF_eas	MONDO:0012608,MONDO:0014154

1	12018684	C	T	14364	AF_eas	MONDO:0016002

1	16353927	C	T	7590	AF_eas	MONDO:0000909

1	20971019	C	T	876799	AF_eas	MONDO:0011613

1	20971144	C	T	2413	AF_eas	MONDO:0011613

1	20972133	T	C	2408	AF_eas	MONDO:0011613

1	21900274	T	C	13673	AF_eas	MONDO:0018570

1	21904124	CT	C	13674	AF_eas	MONDO:0018570

1	24122724	C	T	21173	AF_eas	MONDO:0009257

1	24123618	A	G	3675	AF_eas	MONDO:0009257

1	27121679	A	C	1285	AF_eas	MONDO:0009398

1	35250783	CATT	C	6487	AF_eas	MONDO:0019588

1	40555167	G	C	1431385	AF_eas	MONDO:0009744

1	41284190	C	G	21424	AF_eas	MONDO:0010817

1	45295115	CAG	C	6145	AF_eas	MONDO:0007959,MONDO:0007187

1	45480475	G	T	65	AF_eas	MONDO:0008296

1	53675866	G	A	8957	AF_eas	MONDO:0015515,MONDO:0010914

1	55464881	C	T	4381	AF_eas	MONDO:0015231,MONDO:0011242

1	57422496	TG	T	35595	AF_eas	MONDO:0013421

1	85733524	G	A	30361	AF_eas	MONDO:0005447

1	91404897	T	C	31107	AF_eas	MONDO:0013604

1	91784879	A	C	126429	AF_eas	MONDO:0014322

1	100368332	C	T	21216	AF_eas	MONDO:0009291

1	113460091	G	A	158079	AF_eas	MONDO:0014490

1	115576128	G	A	12684	AF_eas	MONDO:0010139

1	120285493	G	A	3868	AF_eas	MONDO:0009736,MONDO:0011152

1	120306834	A	G	9257	AF_eas	MONDO:0011614

1	145416618	C	A	2371	AF_eas	MONDO:0011216,MONDO:0021001

1	155263347	G	A	1507	AF_eas	MONDO:0009950

1	156843392	T	A	21308	AF_eas	MONDO:0009746

1	156846288	G	A	2040315	AF_eas	MONDO:0009746

1	156849128	G	T	21307	AF_eas	MONDO:0009746

1	160011799	C	T	41471	AF_eas	MONDO:0013005

1	161277179	C	T	462790	AF_eas	MONDO:0015626,MONDO:0019011,MONDO:0011889

1	173873149	G	A	18016	AF_eas	MONDO:0013144

1	173881119	A	G	18039	AF_eas	MONDO:0013144

1	196716337	T	C	21090	AF_eas	MONDO:0012540,MONDO:0012350,MONDO:0009335,MONDO:0007472

1	197073586	G	A	21588	AF_eas	MONDO:0012106

1	201333463	C	T	181617	AF_eas	MONDO:0007266,MONDO:0011095,MONDO:0012900,MONDO:0005021,MONDO:0004994

1	209807860	G	A	14544	AF_eas	MONDO:0009182

1	215807865	G	C	143177	AF_eas	MONDO:0019200,MONDO:0010169

1	216051224	T	C	48604	AF_eas	MONDO:0019501,MONDO:0019118,MONDO:0013436,MONDO:0010169,MONDO:0019200

1	216173832	C	T	166484	AF_eas	MONDO:0013436

1	216243635	C	T	48545	AF_eas	MONDO:0010169,MONDO:0013436

1	231401102	G	A	6841	AF_eas	MONDO:0009112

2	20146256	G	A	31044	AF_eas	MONDO:0013569

2	26685045	C	T	65808	AF_eas	MONDO:0019588,MONDO:0010986

2	26687878	G	A	65806	AF_eas	MONDO:0010986

2	26706449	G	A	65776	AF_eas	MONDO:0010986

2	27668302	TTCTC	T	97023	AF_eas	MONDO:0014284,MONDO:0014618,MONDO:0023670

2	29446307	G	A	21395	AF_eas	MONDO:0008170,MONDO:0013083

2	44051210	C	T	4980	AF_eas	MONDO:0020748,MONDO:0008863

2	47630511	C	T	90794	AF_eas	MONDO:0015356,MONDO:0005835

2	48025864	C	A	1086885	AF_eas	MONDO:0015356

2	48027625	C	G	233701	AF_eas	MONDO:0007254,MONDO:0015356

2	48033468	C	G	237198	AF_eas	MONDO:0015356

2	71741052	G	C	94355	AF_eas	MONDO:0024545,MONDO:0009676,MONDO:0011721,MONDO:0016145

2	71755533	T	C	94266	AF_eas	MONDO:0009676

2	71797430	G	T	6674	AF_eas	MONDO:0016145,MONDO:0009676,MONDO:0024545

2	71891573	G	T	281012	AF_eas	MONDO:0016145

2	74184339	G	A	8158	AF_eas	MONDO:0009636

2	86509339	G	A	943302	AF_eas	MONDO:0012453

2	113817043	C	T	40007	AF_eas	MONDO:0013626,MONDO:0100491

2	113820090	C	T	160374	AF_eas	MONDO:0013626

2	145187366	CGTT	C	4764	AF_eas	MONDO:0009341

2	175618252	A	C	18383	AF_eas	MONDO:0012156

2	179667000	C	T	12656	AF_eas	MONDO:0011400,MONDO:0012127

2	190428912	C	T	5418	AF_eas	MONDO:0011631

2	202494451	C	T	654117	AF_eas	MONDO:0013745

2	203421083	C	G	2000676	AF_eas	MONDO:0001999

2	215646057	CAT	C	186576	AF_eas	MONDO:0015356,MONDO:0016419

2	219136133	G	T	1477566	AF_eas	MONDO:0700088

2	219674479	G	T	65869	AF_eas	MONDO:0008948

2	219677404	A	G	65898	AF_eas	MONDO:0008948

2	219679419	G	C	65851	AF_eas	MONDO:0008948

2	220022217	A	G	982	AF_eas	MONDO:0012650

2	233345833	C	T	161451	AF_eas	MONDO:0014028

2	233407702	C	T	18337	AF_eas	MONDO:0009668,MONDO:0009926

2	233633500	G	A	6585	AF_eas	MONDO:0008663

2	241808402	CG	C	204176	AF_eas	MONDO:0002474,MONDO:0009823

3	3186283	T	C	157616	AF_eas	MONDO:0014487

3	15686746	CA	C	1456933	AF_eas	MONDO:0009665

3	24169187	C	T	12555	AF_eas	MONDO:0008569,MONDO:0007784

3	25761670	G	A	126424	AF_eas	MONDO:0031376

3	25775415	GTTC	G	126423	AF_eas	MONDO:0031376

3	33058236	G	A	938	AF_eas	MONDO:0009660,MONDO:0018149,MONDO:0009262,MONDO:0009261,MONDO:0009260

3	37090464	C	G	405422	AF_eas	MONDO:0015356

3	37092008	G	T	405437	AF_eas	MONDO:0015356

3	38182001	C	T	7495	AF_eas	MONDO:0012839

3	38620877	G	A	67791	AF_eas	MONDO:0015263,MONDO:0011001,MONDO:0007240,MONDO:0011376,MONDO:0011377,MONDO:0011003,MONDO:0013530,MONDO:0024562

3	38627416	G	T	67742	AF_eas	MONDO:0015263

3	38639278	G	A	9391	AF_eas	MONDO:0015263,MONDO:0011001

3	38645498	A	C	67671	AF_eas	MONDO:0015263,MONDO:0011001,MONDO:0007240,MONDO:0011376,MONDO:0011377,MONDO:0011003,MONDO:0013530,MONDO:0024562

3	38648234	C	T	67632	AF_eas	MONDO:0015263,MONDO:0011001

3	38651285	C	T	68053	AF_eas	MONDO:0011001,MONDO:0007240,MONDO:0011376,MONDO:0011377,MONDO:0011003,MONDO:0013530,MONDO:0024562,MONDO:0015263

3	38655260	G	A	68034	AF_eas	MONDO:0011376,MONDO:0011003,MONDO:0011001,MONDO:0015263,MONDO:0011377,MONDO:0007240,MONDO:0024562

3	39433447	G	A	1172486	AF_eas	MONDO:0008785

3	42730521	G	A	60512	AF_eas	MONDO:0014138

3	48921567	A	C	12137	AF_eas	MONDO:0008918

3	48929507	T	C	2031549	AF_eas	MONDO:0008918

3	49141853	A	G	127117	AF_eas	MONDO:0014335

3	49455325	C	A	1013693	AF_eas	MONDO:0011612

3	49456455	C	G	11978	AF_eas	MONDO:0011612

3	52442072	T	C	55879	AF_eas	MONDO:0013692,MONDO:0015356

3	58134498	C	T	6407	AF_eas	MONDO:0010094

3	87313449	C	T	13606	AF_eas	MONDO:0024464

3	93624643	T	C	13318	AF_eas	MONDO:0013791,MONDO:0012868

3	97487043	C	T	2042	AF_eas	MONDO:0010832,MONDO:0013312,MONDO:0019200

3	97506848	C	T	2040	AF_eas	MONDO:0010832,MONDO:0013312,MONDO:0015229

3	121491447	T	TTC	156379	AF_eas	MONDO:0012225,MONDO:0019005

3	129251131	G	A	13023	AF_eas	MONDO:0013395

3	130688229	C	T	5583	AF_eas	MONDO:0008218

3	136046081	C	T	12016	AF_eas	MONDO:0011628

3	148712067	G	T	1938555	AF_eas	MONDO:0013291,MONDO:0014526

3	148897374	C	T	17562	AF_eas	MONDO:0011426

3	148927952	AC	A	426814	AF_eas	MONDO:0011426

3	169482777	G	A	2117745	AF_eas	MONDO:0007485

3	185237074	G	T	30669	AF_eas	MONDO:0011452

3	190126214	C	A	1324089	AF_eas	MONDO:0009550

4	652807	G	C	143065	AF_eas	MONDO:0019200

4	654392	T	A	143067	AF_eas	MONDO:0019200,MONDO:0013429

4	655977	C	T	13106	AF_eas	MONDO:0019200,MONDO:0013429

4	981704	G	A	11922	AF_eas	MONDO:0011759,MONDO:0011758,MONDO:0001586

4	996121	T	G	11927	AF_eas	MONDO:0011759,MONDO:0011758,MONDO:0001586

4	1341973	T	C	31571	AF_eas	MONDO:0013834

4	1343580	A	T	31569	AF_eas	MONDO:0013834

4	3487272	G	C	1278	AF_eas	MONDO:0009690

4	3533940	TG	T	190230	AF_eas	MONDO:0014183

4	5749953	C	T	5340	AF_eas	MONDO:0008673,MONDO:0009162,MONDO:0009894

4	9889247	G	C	4598	AF_eas	MONDO:0012793

4	47685820	T	C	30450	AF_eas	MONDO:0013817

4	68606334	T	C	16025	AF_eas	MONDO:0007794

4	84194751	C	T	1438	AF_eas	MONDO:0018151,MONDO:0011829,MONDO:0020715

4	159603551	T	A	12030	AF_eas	MONDO:0700076,MONDO:0009282

4	159606289	G	T	12029	AF_eas	MONDO:0700076,MONDO:0009282

4	187115676	G	T	39259	AF_eas	MONDO:0019118,MONDO:0018102,MONDO:0008865

4	187120197	A	G	39270	AF_eas	MONDO:0008865

4	187126358	A	C	39275	AF_eas	MONDO:0019118,MONDO:0008865

4	187126386	G	A	39248	AF_eas	MONDO:0008865

4	187130017	A	G	2191	AF_eas	MONDO:0008865

4	187130115	C	T	39252	AF_eas	MONDO:0008865

4	187131662	C	A	39257	AF_eas	MONDO:0008865

5	13777418	G	A	188388	AF_eas	MONDO:0016575

5	37051973	T	C	702326	AF_eas	MONDO:0007387

5	37201820	G	A	157515	AF_eas	MONDO:0010176,MONDO:0013824

5	38925351	A	C	30222	AF_eas	MONDO:0024522

5	52404473	C	A	6114	AF_eas	MONDO:0009644

5	52405544	G	A	6113	AF_eas	MONDO:0009643,MONDO:0009644

5	70930804	G	T	1927	AF_eas	MONDO:0008862

5	70931003	C	G	1922	AF_eas	MONDO:0005258,MONDO:0008862

5	125896786	T	C	954258	AF_eas	MONDO:0009945

5	130495243	C	T	37318	AF_eas	MONDO:0007646

5	131705715	C	G	25350	AF_eas	MONDO:0008919

5	131925344	ACT	A	187444	AF_eas	MONDO:0015356,MONDO:0013118

5	131931460	A	AT	408395	AF_eas	MONDO:0015356

5	135382095	C	A	7873	AF_eas	MONDO:0000764,MONDO:0007377

5	135382096	G	A	7869	AF_eas	MONDO:0007380,MONDO:0011855

5	148407326	C	T	21689	AF_eas	MONDO:0011113,MONDO:0013237,MONDO:0015626,MONDO:0018995

6	6145941	G	A	16538	AF_eas	MONDO:0013187

6	6175056	C	T	16528	AF_eas	MONDO:0013187

6	10626680	G	A	9128	AF_eas	MONDO:0007289

6	32007917	G	A	12156	AF_eas	MONDO:0008728

6	32010130	G	A	144112	AF_eas	MONDO:0011670

6	35471593	A	G	7362	AF_eas	MONDO:0019200,MONDO:0010827

6	42928654	T	C	4169	AF_eas	MONDO:0011698

6	43581918	A	C	5895	AF_eas	MONDO:0010214

6	49419304	G	C	522690	AF_eas	MONDO:0009612

6	51908519	G	T	1152049	AF_eas	MONDO:0009889

6	64431122	G	T	143115	AF_eas	MONDO:0019118,MONDO:0019200,MONDO:0011272

6	64791763	C	T	143108	AF_eas	MONDO:0019118,MONDO:0019200,MONDO:0011272

6	65300802	C	CT	143105	AF_eas	MONDO:0019200,MONDO:0011272

6	76596598	C	T	8582	AF_eas	MONDO:0011660

6	129609204	G	A	552629	AF_eas	MONDO:0100228,MONDO:0011925,MONDO:0029136

6	132179875	C	G	13597	AF_eas	MONDO:0008817

6	135754257	C	T	156382	AF_eas	MONDO:0018998,MONDO:0019200,MONDO:0012078

6	158567859	G	A	35556	AF_eas	MONDO:0013875

7	6036980	G	T	237927	AF_eas	MONDO:0015356

7	65439921	C	T	908806	AF_eas	MONDO:0009662

7	66456243	G	A	21541	AF_eas	MONDO:0044204

7	75614497	G	A	16907	AF_eas	MONDO:0013310,MONDO:0020667,MONDO:0008726

7	80299280	T	C	13540	AF_eas	MONDO:0012031

7	94049916	G	A	17267	AF_eas	MONDO:0008146,MONDO:0019567,MONDO:0009804

7	95751240	G	GCCCGGGCAGCCACCTGTAATCTC	6003	AF_eas	MONDO:0011326,MONDO:0016602,MONDO:0016603,MONDO:0011601

7	95751309	C	T	21509	AF_eas	MONDO:0015991,MONDO:0016602,MONDO:0011601

7	95813588	C	T	6002	AF_eas	MONDO:0011326,MONDO:0016602,MONDO:0011601,MONDO:0016603

7	95820501	G	T	6004	AF_eas	MONDO:0015991,MONDO:0016602,MONDO:0016603,MONDO:0011601

7	95822344	C	T	21517	AF_eas	MONDO:0011326,MONDO:0016602,MONDO:0016603,MONDO:0011601

7	107323898	A	G	4840	AF_eas	MONDO:0010134,MONDO:0010933,MONDO:0019588

7	107350577	A	G	4825	AF_eas	MONDO:0010134,MONDO:0010933

7	116422081	G	A	524887	AF_eas	MONDO:0005086

7	117149194	G	A	7183	AF_eas	MONDO:0009061

7	117182070	G	T	1796640	AF_eas	MONDO:0009061

7	117199697	C	A	7151	AF_eas	MONDO:0009061

7	142459770	C	T	29923	AF_eas	MONDO:0008185

7	150644888	C	G	67438	AF_eas	MONDO:0002442,MONDO:0019171,MONDO:0012312

7	150645544	G	A	67424	AF_eas	MONDO:0019171,MONDO:0002442

7	150649596	G	A	67204	AF_eas	MONDO:0019171,MONDO:0012312,MONDO:0013367,MONDO:0002442

8	1728664	C	T	1079950	AF_eas	MONDO:0016295

8	19809294	T	A	1536	AF_eas	MONDO:0009387

8	19811782	C	G	1528	AF_eas	MONDO:0009387

8	24811218	G	T	464924	AF_eas	MONDO:0011894

8	38001877	G	A	8987	AF_eas	MONDO:0008725

8	61654155	A	G	2036	AF_eas	MONDO:0012880

8	61757939	C	T	2019942	AF_eas	MONDO:0008965

8	63985549	A	C	9137	AF_eas	MONDO:0010188

8	65517310	G	A	6100	AF_eas	MONDO:0010047,MONDO:0013439

8	95411768	C	A	5639	AF_eas	MONDO:0002032

8	105440299	T	C	184	AF_eas	MONDO:0009111

8	143822617	C	T	4602	AF_eas	MONDO:0009552

9	34648367	C	T	25226	AF_eas	MONDO:0018116,MONDO:0009258

9	34649536	C	A	1505795	AF_eas	MONDO:0009258

9	35078601	C	G	6714	AF_eas	MONDO:0019391,MONDO:0013565

9	36219937	C	G	6033	AF_eas	MONDO:0010028,MONDO:0011603

9	101911534	C	A	1773102	AF_eas	MONDO:0019625

9	103055048	C	T	194404	AF_eas	MONDO:0019005

9	107576435	C	T	9503	AF_eas	MONDO:0008783,MONDO:0011393

9	127262605	C	T	29895	AF_eas	MONDO:0013504

9	131396537	C	T	97040	AF_eas	MONDO:0014287

9	133342110	A	G	198386	AF_eas	MONDO:0015991,MONDO:0008988

9	136303015	A	G	5804	AF_eas	MONDO:0010122

9	136307625	C	T	5809	AF_eas	MONDO:0010122

10	12136140	C	T	39565	AF_eas	MONDO:0008774

10	50835727	T	C	17515	AF_eas	MONDO:0009689

10	72358385	CAG	C	13721	AF_eas	MONDO:0011337

10	72358804	G	A	13711	AF_eas	MONDO:0019751,MONDO:0015541,MONDO:0011337

10	73330641	C	T	4928	AF_eas	MONDO:0010984,MONDO:0011067,MONDO:0054601,MONDO:0019497,MONDO:0010168

10	73553289	G	A	4920	AF_eas	MONDO:0010168,MONDO:0019588,MONDO:0011067

10	79759801	T	C	31145	AF_eas	MONDO:0011897

10	82034933	C	T	1208	AF_eas	MONDO:0009607

10	89711909	A	G	185585	AF_eas	MONDO:0015356,MONDO:0017623

10	100186996	G	GC	5282	AF_eas	MONDO:0008748

10	101567988	T	A	8414	AF_eas	MONDO:0009380

10	104592323	G	A	1796	AF_eas	MONDO:0018479,MONDO:0008730,MONDO:0800379

10	104594607	A	T	1800	AF_eas	MONDO:0800380

10	104595131	A	G	1780	AF_eas	MONDO:0008730,MONDO:0800379

10	111988034	C	T	9537	AF_eas	MONDO:0002675

10	126086630	C	A	173	AF_eas	MONDO:0009796

11	2869033	G	T	67060	AF_eas	MONDO:0019171,MONDO:0002442

11	5247904	C	CT	15419	AF_eas	MONDO:0019402

11	5248206	A	AC	15426	AF_eas	MONDO:0044348,MONDO:0019402

11	18309206	G	A	21818	AF_eas	MONDO:0013557

11	46748311	G	A	13312	AF_eas	MONDO:0013361

11	46898045	G	A	30411	AF_eas	MONDO:0013679

11	47356663	CCG	C	42660	AF_eas	MONDO:0007268,MONDO:0005045

11	47362764	G	C	879039	AF_eas	MONDO:0014163,MONDO:0007268,MONDO:0005045

11	47362794	C	T	933676	AF_eas	MONDO:0005045

11	47367805	A	ATGCCG	177698	AF_eas	MONDO:0004994,MONDO:0018901,MONDO:0005045

11	47372097	G	T	926636	AF_eas	MONDO:0004994

11	47603988	C	T	6020	AF_eas	MONDO:0032613

11	61161437	G	A	198	AF_eas	MONDO:0011296,MONDO:0018772,MONDO:0011963

11	61724432	C	T	2741	AF_eas	MONDO:0008662,MONDO:0012733,MONDO:0013175,MONDO:0007931

11	61724904	G	A	2748	AF_eas	MONDO:0019118,MONDO:0019200,MONDO:0013175

11	62460143	C	A	4546	AF_eas	MONDO:0018883,MONDO:0018993,MONDO:0010020

11	64367330	T	G	3515	AF_eas	MONDO:0020728

11	66331420	G	A	60677	AF_eas	MONDO:0014147

11	68527706	C	T	9071	AF_eas	MONDO:0009705

11	76867955	G	A	43327	AF_eas	MONDO:0010807,MONDO:0010168,MONDO:0011032,MONDO:0700087

11	76892635	G	A	228280	AF_eas	MONDO:0010168,MONDO:0010807

11	86662774	T	C	5487	AF_eas	MONDO:0007589

11	111782283	G	A	41929	AF_eas	MONDO:0014073,MONDO:0013411

11	112100933	G	A	481	AF_eas	MONDO:0009863

11	112103901	C	T	480	AF_eas	MONDO:0009863,MONDO:0016543

11	112103928	G	A	484	AF_eas	MONDO:0009863

11	117222588	C	T	37296	AF_eas	MONDO:0013917

11	117860219	C	T	14815	AF_eas	MONDO:0013153

11	117860269	C	T	39432	AF_eas	MONDO:0013153

11	117864009	G	A	14814	AF_eas	MONDO:0013153

11	123508996	A	G	140598	AF_eas	MONDO:0800349

11	124740546	G	A	2177	AF_eas	MONDO:0020790

11	128786525	G	C	8856	AF_eas	MONDO:0002442,MONDO:0013359,MONDO:0008222,MONDO:0013279

12	5155141	G	A	13472	AF_eas	MONDO:0012828

12	15037181	T	C	14342	AF_eas	MONDO:0009495

12	48526696	C	T	1158	AF_eas	MONDO:0009295

12	50344783	A	C	17842	AF_eas	MONDO:0007451

12	50344912	G	T	17843	AF_eas	MONDO:0007451

12	56118300	C	G	882948	AF_eas	MONDO:0007639

12	57909709	C	A	187857	AF_eas	MONDO:0014566

12	58159079	C	T	1667	AF_eas	MONDO:0020723

12	65702414	C	T	31056	AF_eas	MONDO:0013386

12	91449539	G	A	6520	AF_eas	MONDO:0009014

12	96386556	C	G	1689	AF_eas	MONDO:0009345

12	102147276	TTA	T	2766	AF_eas	MONDO:0009650

12	102154949	G	A	39065	AF_eas	MONDO:0019248,MONDO:0009650,MONDO:0018931

12	102179792	T	C	2139783	AF_eas	MONDO:0009650,MONDO:0018931

12	106831457	A	C	31160	AF_eas	MONDO:0013722

12	116413092	C	T	2107	AF_eas	MONDO:0012128

12	121164946	C	T	30611	AF_eas	MONDO:0008722

12	121174901	G	A	30613	AF_eas	MONDO:0008722

12	123741471	C	T	39582	AF_eas	MONDO:0013306,MONDO:0014020

13	20763420	CAT	C	44736	AF_eas	MONDO:0007422,MONDO:0007866,MONDO:0007850,MONDO:0007852,MONDO:0011245,MONDO:0011103,MONDO:0010576,MONDO:0009076,MONDO:0012977,MONDO:0005258

14	21792906	A	T	156380	AF_eas	MONDO:0013446

14	23888796	C	T	2089214	AF_eas	MONDO:0005045

14	23900992	T	C	181316	AF_eas	MONDO:0005045

14	24728975	G	A	12499	AF_eas	MONDO:0017778,MONDO:0009441

14	51094875	C	T	30582	AF_eas	MONDO:0019064,MONDO:0008437

14	51387748	C	T	21339	AF_eas	MONDO:0009294

14	51404519	G	A	21337	AF_eas	MONDO:0009294

14	57268786	A	G	2165730	AF_eas	MONDO:0020147

14	74951186	A	G	21458	AF_eas	MONDO:0011873

14	75470068	T	A	40180	AF_eas	MONDO:0002320,MONDO:0011380

14	75498772	A	G	5564	AF_eas	MONDO:0015356,MONDO:0013725

14	97319190	C	T	30243	AF_eas	MONDO:0011866

15	28234747	C	T	965	AF_eas	MONDO:0008746

15	40265886	G	A	97068	AF_eas	MONDO:0009329

15	43503730	C	A	132633	AF_eas	MONDO:0012985

15	44858424	ACT	A	41351	AF_eas	MONDO:0011445

15	44876466	GCA	G	41323	AF_eas	MONDO:0011445

15	44918609	T	TA	41286	AF_eas	MONDO:0011445

15	45409472	C	G	444	AF_eas	MONDO:0010137

15	45660438	G	A	55919	AF_eas	MONDO:0012996,MONDO:0024525

15	45661523	C	A	21299	AF_eas	MONDO:0012996

15	48780645	T	C	16446	AF_eas	MONDO:0019625,MONDO:0017309

15	51514546	C	T	17826	AF_eas	MONDO:0013301

15	90193041	G	A	30896	AF_eas	MONDO:0008708

15	91333978	C	G	656453	AF_eas	MONDO:0008876

15	91346951	G	A	2137744	AF_eas	MONDO:0008876

16	5121865	C	A	193419	AF_eas	MONDO:0012052,MONDO:0015286

16	14020487	G	C	16581	AF_eas	MONDO:0012590

16	15820739	C	T	887027	AF_eas	MONDO:0007568

16	23391814	G	A	8841	AF_eas	MONDO:0008887

16	23563572	T	C	39793	AF_eas	MONDO:0013971

16	31495978	C	A	29880	AF_eas	MONDO:0009297

16	50745656	G	T	319452	AF_eas	MONDO:0008523,MONDO:0005011

16	56919219	T	C	8595	AF_eas	MONDO:0009904

16	78142372	C	T	120325	AF_eas	MONDO:0014533,MONDO:0010632,MONDO:0013687

16	88717415	G	A	2264	AF_eas	MONDO:0018305,MONDO:0009308

16	88876242	A	G	18296	AF_eas	MONDO:0013869

16	88898455	A	C	199031	AF_eas	MONDO:0018938,MONDO:0009659

16	89212411	C	T	31135	AF_eas	MONDO:0013661

17	3397663	C	T	1082180	AF_eas	MONDO:0010079

17	3563149	C	T	889208	AF_eas	MONDO:0100151,MONDO:0009064

17	3563268	C	G	4456	AF_eas	MONDO:0009064,MONDO:0009066

17	3801375	AAGC	A	8750	AF_eas	MONDO:0012354

17	7126518	A	C	1628	AF_eas	MONDO:0008723

17	7577547	C	A	376603	AF_eas	MONDO:0018177,MONDO:0019086,MONDO:0021100,MONDO:0007256,MONDO:0005097,MONDO:0006485,MONDO:0005082,MONDO:0015356,MONDO:0021211,MONDO:0018875,MONDO:0006046,MONDO:0005036,MONDO:0005335,MONDO:0006047,MONDO:0005061,MONDO:0010150,MONDO:0002911,MONDO:0005611

17	19568310	A	G	1644	AF_eas	MONDO:0010031

17	33904199	G	C	936598	AF_eas	MONDO:0013927

17	34893449	A	G	156157	AF_eas	MONDO:0014457

17	40695717	C	T	1567	AF_eas	MONDO:0014665,MONDO:0009656

17	40695970	G	T	143187	AF_eas	MONDO:0014665,MONDO:0009656

17	41063017	G	T	12003	AF_eas	MONDO:0009287

17	41063391	T	A	12009	AF_eas	MONDO:0009287

17	41228602	A	G	1416615	AF_eas	MONDO:0003582

17	41243887	C	A	54957	AF_eas	MONDO:0015356,MONDO:0007254,MONDO:0021100,MONDO:0003582,MONDO:0011450

17	41243920	C	CT	37534	AF_eas	MONDO:0003874,MONDO:0015356,MONDO:0003582,MONDO:0011450,MONDO:0007254

17	41256190	G	T	55046	AF_eas	MONDO:0003582,MONDO:0015356,MONDO:0011450

17	41256277	A	G	427330	AF_eas	MONDO:0003582,MONDO:0015356,MONDO:0011450

17	42457372	G	A	2892	AF_eas	MONDO:0031332,MONDO:0100326

17	62020366	T	C	21157	AF_eas	MONDO:0008224

17	72295919	C	G	1496671	AF_eas	MONDO:0016575,MONDO:0012906

17	72306303	G	T	1433695	AF_eas	MONDO:0016575

17	74536225	T	C	143095	AF_eas	MONDO:0019200,MONDO:0012523

17	76989942	G	A	283	AF_eas	MONDO:0009629

17	78086721	C	A	4029	AF_eas	MONDO:0009290

18	28970675	T	C	2721	AF_eas	MONDO:0011932

18	29178543	G	T	13468	AF_eas	MONDO:0007100,MONDO:0007785,MONDO:0020730

18	48591950	C	T	1560696	AF_eas	MONDO:0017380

18	55365029	G	T	126383	AF_eas	MONDO:0008892

18	59810539	C	T	101048	AF_eas	MONDO:0013563

19	7125473	G	A	14692	AF_eas	MONDO:0009874,MONDO:0012520

19	8665913	G	A	1944	AF_eas	MONDO:0010194

19	11216105	G	A	3726	AF_eas	MONDO:0005439,MONDO:0007750

19	11223983	C	A	3746	AF_eas	MONDO:0005439,MONDO:0007750

19	12759988	C	G	208273	AF_eas	MONDO:0009561

19	12921137	C	T	66068	AF_eas	MONDO:0018866,MONDO:0012472

19	13010280	A	C	193976	AF_eas	MONDO:0009281

19	17992770	A	C	7664	AF_eas	MONDO:0020716

19	36333323	C	T	6875	AF_eas	MONDO:0009732

19	38991295	G	A	12972	AF_eas	MONDO:0007783

19	40903157	G	A	4789	AF_eas	MONDO:0018995,MONDO:0013959,MONDO:0005244

19	45412041	G	A	17865	AF_eas	MONDO:0018473,MONDO:0012725

19	46270124	C	T	8600	AF_eas	MONDO:0012575

19	47258867	C	G	2138309	AF_eas	MONDO:0000171

19	55449463	C	T	1591	AF_eas	MONDO:0009273

19	55450893	G	A	1589	AF_eas	MONDO:0009273

20	2398069	G	C	42023	AF_eas	MONDO:0013485

20	2398091	T	G	31085	AF_eas	MONDO:0013485,MONDO:0018874

20	3888800	C	T	4551	AF_eas	MONDO:0009319

20	31395599	G	T	954804	AF_eas	MONDO:0000133

20	31395666	G	A	6744	AF_eas	MONDO:0009454

20	62321223	G	A	65415	AF_eas	MONDO:0014076

20	62324600	C	A	1965313	AF_eas	MONDO:0014076,MONDO:0014613

21	34652146	G	A	1387267	AF_eas	MONDO:0012941

21	36259238	G	T	14469	AF_eas	MONDO:0100083

21	38132082	C	T	1910	AF_eas	MONDO:0009666

21	38132112	C	T	1908	AF_eas	MONDO:0009666

21	44486370	G	A	118	AF_eas	MONDO:0004737,MONDO:0009352

21	44837502	G	A	190108	AF_eas	MONDO:0014595

21	47545432	G	A	29640	AF_eas	MONDO:0024530,MONDO:0009681

22	38511664	C	T	30366	AF_eas	MONDO:0017998,MONDO:0013060,MONDO:0012444,MONDO:0024457

22	38528924	C	A	30371	AF_eas	MONDO:0017998,MONDO:0024457,MONDO:0013060

22	38541632	C	T	6202	AF_eas	MONDO:0017998,MONDO:0013060,MONDO:0024457,MONDO:0012444

22	40754954	G	A	2465	AF_eas	MONDO:0007068

22	51064103	G	A	3081	AF_eas	MONDO:0018868

22	51065646	G	A	3064	AF_eas	MONDO:0018868

X	32862944	G	A	1113674	AF_eas	MONDO:0010679

X	100611846	G	A	2418367	AF_eas	MONDO:0010615
