1	55340807	C	T	4369	AF_fin	MONDO:0011217

1	109440214	C	T	1823	AF_fin	MONDO:0011411,MONDO:0019588

1	110172109	G	A	132813	AF_fin	MONDO:0014305,MONDO:0014351

1	110607217	G	A	4648	AF_fin	MONDO:0007636

1	120293453	C	T	9260	AF_fin	MONDO:0011614

1	154247641	C	T	4650	AF_fin	MONDO:0012548

1	155208388	G	A	93453	AF_fin	MONDO:0009268,MONDO:0009265,MONDO:0009266,MONDO:0009267,MONDO:0018150

1	161136672	T	C	8703	AF_fin	MONDO:0008297

1	197102510	G	A	4965	AF_fin	MONDO:0012106

1	216498646	C	T	48376	AF_fin	MONDO:0015993

1	241667423	G	A	16235	AF_fin	MONDO:0015356,MONDO:0007888

1	241672081	G	A	393567	AF_fin	MONDO:0015356,MONDO:0007888

2	26725169	G	A	65814	AF_fin	MONDO:0010986

2	49210264	G	A	16243	AF_fin	MONDO:0024463

2	112779132	C	T	37305	AF_fin	MONDO:0013469

2	136564701	A	T	6586	AF_fin	MONDO:0009115

2	166850677	C	A	12895	AF_fin	MONDO:0011461,MONDO:0100135

2	203421084	G	C	8811	AF_fin	MONDO:0024533

2	215645386	G	C	142734	AF_fin	MONDO:0015356,MONDO:0003582,MONDO:0016419

3	30715721	G	A	12515	AF_fin	MONDO:0019625,MONDO:0012427

3	37045905	T	G	90167	AF_fin	MONDO:0005835,MONDO:0015356

3	38592689	G	A	67962	AF_fin	MONDO:0015263,MONDO:0019171

3	38627291	C	T	67749	AF_fin	MONDO:0015263

3	38651420	C	G	68041	AF_fin	MONDO:0019171,MONDO:0015263

3	38671884	G	A	67778	AF_fin	MONDO:0011001,MONDO:0015263,MONDO:0007240,MONDO:0011376,MONDO:0013530,MONDO:0011003,MONDO:0024562,MONDO:0011377

3	38671911	C	G	532111	AF_fin	MONDO:0015263

3	49162353	G	A	180395	AF_fin	MONDO:0012184

3	52486238	A	T	12442	AF_fin	MONDO:0013195,MONDO:0012745

3	53222848	G	A	157674	AF_fin	MONDO:8000024

3	58094188	C	T	21280	AF_fin	MONDO:0010094

3	129195306	C	T	4636	AF_fin	MONDO:0021093

3	132419192	G	A	2636	AF_fin	MONDO:0019005,MONDO:0009966

3	148714193	C	G	1349925	AF_fin	MONDO:0014526,MONDO:0013291

3	150659443	A	T	4393	AF_fin	MONDO:0016485

3	180702478	CT	C	120181	AF_fin	MONDO:0012435

4	5586559	G	T	1928871	AF_fin	MONDO:0009162,MONDO:0008673

4	114290882	C	A	67602	AF_fin	MONDO:0019171

5	78280857	A	C	559740	AF_fin	MONDO:0009661

5	131722737	G	C	2146047	AF_fin	MONDO:0008919

5	131915688	GT	G	185010	AF_fin	MONDO:0015356,MONDO:0013118

5	149360691	C	A	4099	AF_fin	MONDO:0009107,MONDO:0010966,MONDO:0009189,MONDO:0009727,MONDO:0800307

5	156022052	C	T	8172	AF_fin	MONDO:0011028,MONDO:0011702

5	169474517	C	T	199259	AF_fin	MONDO:0014637

5	177034446	C	A	5611	AF_fin	MONDO:0007526

6	5613508	A	T	39826	AF_fin	MONDO:0013986

6	31827894	G	A	2454	AF_fin	MONDO:0019346

6	41129159	C	T	5213	AF_fin	MONDO:0020750,MONDO:0020749

6	44279244	A	C	30941	AF_fin	MONDO:0013570

6	51524512	A	C	4115	AF_fin	MONDO:0009889

6	129807757	C	T	162579	AF_fin	MONDO:0100228,MONDO:0011925

6	137540463	A	T	29607	AF_fin	MONDO:0008856

7	43827542	C	T	29612	AF_fin	MONDO:0013595

7	107427289	AACC	A	16754	AF_fin	MONDO:0008964

7	117232511	C	T	53471	AF_fin	MONDO:0009061,MONDO:0010178

7	121755193	CTG	C	100644	AF_fin	MONDO:0009388

7	128414599	A	G	63	AF_fin	MONDO:0008610

7	143027931	T	C	21050	AF_fin	MONDO:0008055,MONDO:0009715,MONDO:0100468

7	143039031	C	T	21040	AF_fin	MONDO:0008055,MONDO:0009715,MONDO:0100468

7	150648826	A	G	67225	AF_fin	MONDO:0019171,MONDO:0013367,MONDO:0002442

8	1719290	C	G	2802	AF_fin	MONDO:0016295,MONDO:0010830,MONDO:0012391

8	6266851	C	G	3454	AF_fin	MONDO:0009617

8	27650167	G	A	21236	AF_fin	MONDO:0100253

8	63978615	G	A	9141	AF_fin	MONDO:0010188

9	6588417	C	A	11982	AF_fin	MONDO:0011612

9	35657753	C	A	14209	AF_fin	MONDO:0011773,MONDO:0009601,MONDO:0009595,MONDO:0054560

9	94488885	G	A	7318	AF_fin	MONDO:0009999

9	94499745	G	A	7308	AF_fin	MONDO:0009999

9	124073097	G	A	16180	AF_fin	MONDO:0007097

9	131300337	G	A	6464	AF_fin	MONDO:0012750

9	131303403	T	C	6465	AF_fin	MONDO:0012750

9	131399270	G	A	97044	AF_fin	MONDO:0014287

10	50828590	T	C	17511	AF_fin	MONDO:0009689

10	82034395	A	C	1202	AF_fin	MONDO:0009607

10	101964924	G	A	8946	AF_fin	MONDO:0013334

10	102748919	G	A	4630	AF_fin	MONDO:0010060

10	104592368	G	A	1794	AF_fin	MONDO:0018479,MONDO:0008730,MONDO:0800380

10	105794469	G	A	17645	AF_fin	MONDO:0017612,MONDO:0030750

10	124266390	G	A	180746	AF_fin	MONDO:0004648,MONDO:0010829

10	126086626	A	G	156	AF_fin	MONDO:0009796

11	2799239	G	A	3140	AF_fin	MONDO:0019171,MONDO:0002442,MONDO:0024540,MONDO:0100316

11	17485004	A	T	9099	AF_fin	MONDO:0009734

11	17552780	C	T	39427	AF_fin	MONDO:0011192,MONDO:0010171,MONDO:0010168

11	36597777	C	T	13159	AF_fin	MONDO:0011086,MONDO:0009306

11	44297022	C	T	5015	AF_fin	MONDO:0012309

11	47256423	G	A	8788	AF_fin	MONDO:0010213

11	47355117	G	A	42690	AF_fin	MONDO:0004994,MONDO:0007268,MONDO:0024573,MONDO:0005045

11	62458772	G	A	143858	AF_fin	MONDO:0018883,MONDO:0014402,MONDO:0018993,MONDO:0010020

11	64519395	C	T	194389	AF_fin	MONDO:0009293

11	66616496	CAG	C	21229	AF_fin	MONDO:0009949

11	67250669	C	T	4886	AF_fin	MONDO:0015356,MONDO:0007052

11	67803760	G	A	7514	AF_fin	MONDO:0032606

11	68552377	G	A	65640	AF_fin	MONDO:0009705

11	111706902	C	T	3748	AF_fin	MONDO:0012117

11	118971495	G	C	65469	AF_fin	MONDO:0015286,MONDO:0011964

11	118972200	C	T	39774	AF_fin	MONDO:0011964

12	50355913	C	A	65478	AF_fin	MONDO:0010849

12	57905819	T	C	68464	AF_fin	MONDO:0014206

12	111352091	C	T	14067	AF_fin	MONDO:0004994,MONDO:0012112,MONDO:0024573,MONDO:0005045

12	112926887	G	C	40558	AF_fin	MONDO:0700092,MONDO:0008104,MONDO:0011908,MONDO:0100082,MONDO:0007979,MONDO:0021060,MONDO:0018997

12	121435307	C	T	14928	AF_fin	MONDO:0015967,MONDO:0007718,MONDO:0012919,MONDO:0007763,MONDO:0010894,MONDO:0005147,MONDO:0005148,MONDO:0018911

12	122079224	T	C	192288	AF_fin	MONDO:0013007,MONDO:0014383

14	23282447	C	A	6211	AF_fin	MONDO:0009109

14	23891476	C	T	155814	AF_fin	MONDO:0004994,MONDO:0024573,MONDO:0005045

14	24727852	C	A	12487	AF_fin	MONDO:0009441

14	50100653	A	AGCCACGCAGGTATCGT	208847	AF_fin	MONDO:0009484,MONDO:0012918

14	105695169	G	A	161424	AF_fin	MONDO:0014529

15	40504755	G	A	6764	AF_fin	MONDO:0008304,MONDO:0009759

15	49048486	G	A	56	AF_fin	MONDO:0013923

15	67073833	G	T	37111	AF_fin	MONDO:0013902

15	74472461	C	T	40079	AF_fin	MONDO:0011010

15	80465435	G	A	11873	AF_fin	MONDO:0010161

16	2164490	A	G	8206	AF_fin	MONDO:0010916,MONDO:0008263,MONDO:0020642

16	8906887	A	G	7712	AF_fin	MONDO:0008907

16	11643549	C	T	6061	AF_fin	MONDO:0010995,MONDO:0015626

16	23614979	C	T	576760	AF_fin	MONDO:0015356,MONDO:0016419

16	66570884	G	A	38982	AF_fin	MONDO:0012301,MONDO:0005336

16	81399037	G	A	5030	AF_fin	MONDO:0009749

16	88909180	C	T	714	AF_fin	MONDO:0009659

17	8131910	A	T	31001	AF_fin	MONDO:0024564

17	8139394	AG	A	31005	AF_fin	MONDO:0024564

17	8140805	G	A	31004	AF_fin	MONDO:0015780,MONDO:0024564

17	10436638	A	T	183664	AF_fin	MONDO:0011577

17	19559848	G	A	1639	AF_fin	MONDO:0010031

17	41056045	G	A	12005	AF_fin	MONDO:0009287

17	41061435	G	A	214465	AF_fin	MONDO:0009287

17	41243696	G	A	427312	AF_fin	MONDO:0003582,MONDO:0011450

17	61560533	C	T	50208	AF_fin	MONDO:0017609

17	62036638	C	T	5911	AF_fin	MONDO:0013234,MONDO:0008224

17	78084822	C	T	4032	AF_fin	MONDO:0009290

18	21123467	G	GA	92706	AF_fin	MONDO:0009757

18	21136400	A	G	2970	AF_fin	MONDO:0009757

18	44139458	G	A	179755	AF_fin	MONDO:0013119

19	7267570	G	C	14711	AF_fin	MONDO:0009517

19	15303053	G	A	9225	AF_fin	MONDO:0000914

19	17927755	G	A	14831	AF_fin	MONDO:0009047

19	33892768	C	T	208	AF_fin	MONDO:0008221

19	34856185	C	T	13647	AF_fin	MONDO:0013275

19	38948186	G	A	635268	AF_fin	MONDO:0007783

19	40902161	C	T	858503	AF_fin	MONDO:0018995

19	41208541	T	C	91846	AF_fin	MONDO:0014257

20	948667	T	C	1190	AF_fin	MONDO:0008798

20	43057049	G	A	9213	AF_fin	MONDO:0014458,MONDO:0007452,MONDO:0005148

22	24109625	C	A	180221	AF_fin	MONDO:0014532,MONDO:0014025

22	38516896	G	A	159738	AF_fin	MONDO:0017998,MONDO:0024457

22	41320486	G	T	51	AF_fin	MONDO:0013163

22	50518816	G	A	4714	AF_fin	MONDO:0011391,MONDO:0024555

X	38260590	C	T	1168599	AF_fin	MONDO:0010703

X	85133967	T	TA	56224	AF_fin	MONDO:0010557

X	103042817	A	C	11079	AF_fin	MONDO:0010714

X	110574264	G	A	158509	AF_fin	MONDO:0010239

X	153171297	C	T	10840	AF_fin	MONDO:0010581

X	153171501	C	T	10850	AF_fin	MONDO:0010581
