1	8044990	A	C	7066	AF_afr	MONDO:0011658

1	11850739	A	G	187906	AF_afr	MONDO:0009353

1	11856276	A	T	187883	AF_afr	MONDO:0009353

1	45479335	C	T	64679	AF_afr	MONDO:0015104

1	53676026	C	T	8964	AF_afr	MONDO:0012136,MONDO:0013633,MONDO:0009704,MONDO:0010914,MONDO:0015515

1	57415272	G	A	35592	AF_afr	MONDO:0013421

1	78383902	C	G	30993	AF_afr	MONDO:0013477

1	100681641	C	A	94009	AF_afr	MONDO:0009563,MONDO:0023693

1	113460418	T	C	8914	AF_afr	MONDO:0009501

1	120460308	G	T	2200824	AF_afr	MONDO:0007057

1	150529450	T	G	1349	AF_afr	MONDO:0009152

1	155206086	G	A	813336	AF_afr	MONDO:0009265,MONDO:0009266,MONDO:0009267,MONDO:0009268

1	158641925	T	G	12845	AF_afr	MONDO:0007533

1	158648222	A	G	12848	AF_afr	MONDO:0007533

1	158648224	A	G	12844	AF_afr	MONDO:0007533

1	158650431	A	G	12857	AF_afr	MONDO:0007533,MONDO:0009948

1	158655079	C	A	12853	AF_afr	MONDO:0007533

1	158655079	C	T	12856	AF_afr	MONDO:0007533,MONDO:0009948

1	161276676	G	A	872513	AF_afr	MONDO:0019011

1	167408592	G	A	12749	AF_afr	MONDO:0012426

1	173826742	C	T	1066	AF_afr	MONDO:0012622

1	182555939	C	T	13005	AF_afr	MONDO:0011098

1	196646743	G	A	1355349	AF_afr	MONDO:0012540,MONDO:0007472,MONDO:0009335,MONDO:0012350

1	197062385	G	A	157904	AF_afr	MONDO:0012106

1	197073245	G	T	21590	AF_afr	MONDO:0012106

1	197102478	A	G	157795	AF_afr	MONDO:0016660,MONDO:0012106

1	209974625	C	T	3421	AF_afr	MONDO:0019508,MONDO:0007333

1	216019240	C	T	48611	AF_afr	MONDO:0019501,MONDO:0019118,MONDO:0013436,MONDO:0010169,MONDO:0019200,MONDO:0024465

1	227153420	C	T	3637	AF_afr	MONDO:0012784

1	230841679	C	T	18070	AF_afr	MONDO:0017609

1	235875388	GA	G	65552	AF_afr	MONDO:0008963

1	235929422	G	T	65545	AF_afr	MONDO:0008963

1	241672081	G	C	92456	AF_afr	MONDO:0015356,MONDO:0007888

2	1497748	G	A	4048	AF_afr	MONDO:0010133

2	11959716	C	T	4912	AF_afr	MONDO:0009992

2	21234172	AAC	A	17884	AF_afr	MONDO:0007751,MONDO:0014252,MONDO:0005439

2	21235388	C	A	630305	AF_afr	MONDO:0005439,MONDO:0014252,MONDO:0007751

2	26437316	A	G	453019	AF_afr	MONDO:0012172,MONDO:0012173

2	26702193	C	T	48187	AF_afr	MONDO:0010986

2	27535377	C	T	16164	AF_afr	MONDO:0009747

2	27535859	A	G	38347	AF_afr	MONDO:0009747

2	31756441	C	T	3341	AF_afr	MONDO:0009923

2	47637374	C	G	220157	AF_afr	MONDO:0007356,MONDO:0008018,MONDO:0030840,MONDO:0015356

2	48026207	C	T	2445250	AF_afr	MONDO:0008170

2	48027672	C	T	390613	AF_afr	MONDO:0015356

2	48033386	A	T	824076	AF_afr	MONDO:0015356

2	74089381	C	T	50795	AF_afr	MONDO:0013659

2	85780611	G	A	16196	AF_afr	MONDO:0012570

2	86067461	C	T	140575	AF_afr	MONDO:0018274

2	109545744	C	T	5849	AF_afr	MONDO:0016619,MONDO:0007509,MONDO:0013350,MONDO:0008758,MONDO:0009147

2	128186136	G	A	666	AF_afr	MONDO:0008316,MONDO:0012860

2	166611437	C	T	7793	AF_afr	MONDO:0100252

2	167133747	C	A	855831	AF_afr	MONDO:0024309,MONDO:0013470

2	175612912	G	A	1544690	AF_afr	MONDO:0009668

2	179501491	C	T	202614	AF_afr	MONDO:0011362,MONDO:0012127,MONDO:0011400,MONDO:0010870,MONDO:0012714,MONDO:0013412

2	189864296	G	A	101106	AF_afr	MONDO:0017314

2	189874927	C	G	1429982	AF_afr	MONDO:0017314

2	202072837	C	T	7764	AF_afr	MONDO:0011383

2	211473251	C	T	2426	AF_afr	MONDO:0009376

2	211504769	G	T	553356	AF_afr	MONDO:0009376

2	215595215	G	A	141702	AF_afr	MONDO:0003582,MONDO:0001056,MONDO:0015356,MONDO:0016419,MONDO:0007254

2	215846949	C	T	2857	AF_afr	MONDO:0011026

2	219677436	C	G	596347	AF_afr	MONDO:0008948

2	220115274	C	T	180186	AF_afr	MONDO:0014531

2	227661632	G	C	29762	AF_afr	MONDO:0005148

2	233348866	G	A	39492	AF_afr	MONDO:0014028

2	241813412	T	C	5640	AF_afr	MONDO:0009823

2	242690786	G	T	1858	AF_afr	MONDO:0024554

3	3192623	G	A	1821	AF_afr	MONDO:0011828

3	9932465	G	A	190479	AF_afr	MONDO:0014456,MONDO:0018542

3	10183711	G	A	703601	AF_afr	MONDO:0009892,MONDO:0008667,MONDO:0015356

3	10191492	G	T	43604	AF_afr	MONDO:0009892,MONDO:0008667

3	15683399	AT	A	156006	AF_afr	MONDO:0009665

3	15686818	C	G	25090	AF_afr	MONDO:0009665

3	15686852	C	T	25094	AF_afr	MONDO:0009665

3	30713742	G	A	919773	AF_afr	MONDO:0019625,MONDO:0012427

3	33063115	CAG	C	92893	AF_afr	MONDO:0009261,MONDO:0009660,MONDO:0009262,MONDO:0009260,MONDO:0018149

3	33114078	C	T	195074	AF_afr	MONDO:0018149,MONDO:0009660,MONDO:0009261,MONDO:0009260,MONDO:0009262

3	33138526	G	GA	92911	AF_afr	MONDO:0018149,MONDO:0009660

3	33171463	C	T	4950	AF_afr	MONDO:0012536

3	37035152	C	T	413374	AF_afr	MONDO:0015356

3	37053578	A	G	483557	AF_afr	MONDO:0015356

3	38597230	T	G	67895	AF_afr	MONDO:0019171,MONDO:0015263,MONDO:0011001,MONDO:0007240,MONDO:0011376,MONDO:0011377,MONDO:0011003,MONDO:0013530,MONDO:0024562

3	38608058	A	G	67811	AF_afr	MONDO:0015263

3	38620875	C	T	67792	AF_afr	MONDO:0015263,MONDO:0019171

3	38622582	C	G	969680	AF_afr	MONDO:0011376,MONDO:0013530,MONDO:0011377,MONDO:0011001,MONDO:0024562,MONDO:0011003,MONDO:0007240,MONDO:0015263

3	38622756	C	T	67764	AF_afr	MONDO:0015263

3	38629052	T	C	1015850	AF_afr	MONDO:0007240,MONDO:0011001,MONDO:0011003,MONDO:0011377,MONDO:0011376,MONDO:0013530,MONDO:0024562,MONDO:0015263

3	38646328	G	C	30047	AF_afr	MONDO:0011377,MONDO:0011003,MONDO:0007240,MONDO:0024562,MONDO:0013530,MONDO:0011376,MONDO:0011001,MONDO:0004981,MONDO:0015263

3	38649685	C	A	850995	AF_afr	MONDO:0015263

3	39433447	G	C	1120	AF_afr	MONDO:0008785

3	48508553	AG	A	126389	AF_afr	MONDO:0009165,MONDO:0012500,MONDO:0008641

3	48622175	C	A	937822	AF_afr	MONDO:0009179

3	48630348	G	A	17462	AF_afr	MONDO:0006543,MONDO:0009179,MONDO:0019289,MONDO:0001149

3	132403595	G	A	96516	AF_afr	MONDO:0019005,MONDO:0008833,MONDO:0011456,MONDO:0009966

3	148459073	G	A	50206	AF_afr	MONDO:0017609

3	180702479	T	C	1123877	AF_afr	MONDO:0012435

3	182788909	C	T	167273	AF_afr	MONDO:0008861

3	183858306	G	A	5950	AF_afr	MONDO:0011380

4	981602	C	T	968667	AF_afr	MONDO:0001586

4	981630	C	T	1104749	AF_afr	MONDO:0001586

4	996129	G	A	92623	AF_afr	MONDO:0001586

4	1807889	A	C	16348	AF_afr	MONDO:0004986,MONDO:0007035,MONDO:0001187,MONDO:0007793

4	1807891	G	C	16347	AF_afr	MONDO:0005575,MONDO:0012504,MONDO:0007872,MONDO:0002974,MONDO:0007037,MONDO:0008547,MONDO:0011274,MONDO:0010108,MONDO:0014658,MONDO:0008093,MONDO:0001187,MONDO:0012833,MONDO:0007793,MONDO:0008546

4	4861877	A	T	14883	AF_afr	MONDO:0008582,MONDO:0012142

4	5630317	G	A	3384	AF_afr	MONDO:0008673,MONDO:0009162

4	15504502	C	T	126242	AF_afr	MONDO:0018921,MONDO:0018772,MONDO:0012848,MONDO:0019118

4	76489574	G	A	37219	AF_afr	MONDO:0013906

4	79393485	G	T	2816	AF_afr	MONDO:0054737

4	90749307	A	C	162095	AF_afr	MONDO:0007488,MONDO:0008200,MONDO:0011562

4	108871406	C	T	39504	AF_afr	MONDO:0019064,MONDO:0014015

4	108948913	C	T	39482	AF_afr	MONDO:0012382

4	110925696	C	T	16614	AF_afr	MONDO:0012717

4	178354392	A	G	221	AF_afr	MONDO:0008830

5	1264594	G	A	36950	AF_afr	MONDO:0015780,MONDO:0015356,MONDO:0013521,MONDO:0013878

5	1266639	C	T	12736	AF_afr	MONDO:0002771,MONDO:0013878,MONDO:0800029,MONDO:0013521

5	42689039	G	A	8636	AF_afr	MONDO:0011420

5	70220935	C	G	9168	AF_afr	MONDO:0009673,MONDO:0009672

5	78181578	C	A	92356	AF_afr	MONDO:0009661

5	127671254	A	G	161446	AF_afr	MONDO:0014501,MONDO:0019625,MONDO:0007363

5	131714068	A	C	167697	AF_afr	MONDO:0008919

5	131714100	G	T	25372	AF_afr	MONDO:0008919

5	132202707	C	T	729	AF_afr	MONDO:0014065

5	142421420	A	G	5052	AF_afr	MONDO:0011908

5	149434892	A	T	162129	AF_afr	MONDO:0030796

5	151239523	C	T	38328	AF_afr	MONDO:0021022,MONDO:0007868

5	171849449	G	A	190	AF_afr	MONDO:0009579

6	43488976	A	T	30813	AF_afr	MONDO:0009558

6	49399544	C	A	1881	AF_afr	MONDO:0009612,MONDO:0002012

6	49408008	C	T	1884	AF_afr	MONDO:0002012,MONDO:0009612

6	64431518	A	AT	93622	AF_afr	MONDO:0019118,MONDO:0011272

6	64574212	A	C	93621	AF_afr	MONDO:0019118,MONDO:0019200,MONDO:0011272

6	76660584	G	A	162135	AF_afr	MONDO:0014508

6	86181054	C	A	29687	AF_afr	MONDO:0008895

6	116949338	C	T	505	AF_afr	MONDO:0016575,MONDO:0012978

6	131902418	G	A	2390	AF_afr	MONDO:0008814

6	135768160	G	A	2014	AF_afr	MONDO:0012078,MONDO:0018772

6	135776913	G	T	969396	AF_afr	MONDO:0018772,MONDO:0012078

6	137191043	G	A	7782	AF_afr	MONDO:0015776,MONDO:0013945,MONDO:0008972

7	6026469	G	A	91320	AF_afr	MONDO:0018630,MONDO:0005835,MONDO:0015356,MONDO:0010159,MONDO:0015924

7	6031643	G	T	418758	AF_afr	MONDO:0015356,MONDO:0010159,MONDO:0013699

7	6035203	ACTGT	A	91375	AF_afr	MONDO:0005835,MONDO:0013699,MONDO:0015356,MONDO:0030843,MONDO:0001056,MONDO:0010159

7	6043671	T	C	486926	AF_afr	MONDO:0015356

7	16341079	G	A	31568	AF_afr	MONDO:0013835

7	40277263	C	T	1850	AF_afr	MONDO:0009283

7	44192019	C	T	36209	AF_afr	MONDO:0015967,MONDO:0018911,MONDO:0007453

7	107342483	G	A	43532	AF_afr	MONDO:0010933,MONDO:0010134

7	107344831	G	A	165263	AF_afr	MONDO:0010134,MONDO:0010933

7	116166660	G	T	8467	AF_afr	MONDO:0011714,MONDO:0012923

7	117149200	A	G	7199	AF_afr	MONDO:0009061

7	117170971	C	T	53600	AF_afr	MONDO:0009061

7	117199525	T	C	35823	AF_afr	MONDO:0009061,MONDO:0010178,MONDO:0008887,MONDO:0008185

7	117232074	T	C	53404	AF_afr	MONDO:0009061,MONDO:0010178,MONDO:0008887,MONDO:0008185

7	117243666	A	G	7128	AF_afr	MONDO:0009061,MONDO:0010178

7	117282620	G	C	598323	AF_afr	MONDO:0009061

7	120428830	A	G	31006	AF_afr	MONDO:0013218

7	142459770	C	A	2497475	AF_afr	MONDO:0008185

7	143018934	G	A	17532	AF_afr	MONDO:0008055,MONDO:0009715,MONDO:0100468

7	143027961	G	A	17542	AF_afr	MONDO:0005277,MONDO:0009715,MONDO:0008055,MONDO:0100468

7	150644548	C	T	67463	AF_afr	MONDO:0019171,MONDO:0012312,MONDO:0013367,MONDO:0002442

7	150644894	C	T	67436	AF_afr	MONDO:0012312,MONDO:0013367,MONDO:0019171,MONDO:0002442

8	27634330	C	T	1736	AF_afr	MONDO:0009997,MONDO:0100253

8	31007970	A	C	846289	AF_afr	MONDO:0010196

8	42711484	G	A	31590	AF_afr	MONDO:0012166

8	97157293	A	G	8372	AF_afr	MONDO:0007306,MONDO:0014145,MONDO:0013376,MONDO:0013130

8	143957293	G	A	1178	AF_afr	MONDO:0008729,MONDO:0007080

9	34647693	G	A	2136755	AF_afr	MONDO:0009258

9	34648116	T	C	3616	AF_afr	MONDO:0018116,MONDO:0009258

9	34648848	G	A	1622548	AF_afr	MONDO:0009258

9	35076439	G	A	6715	AF_afr	MONDO:0019391,MONDO:0013565

9	35740830	G	A	41489	AF_afr	MONDO:0013737

9	95480229	G	A	55858	AF_afr	MONDO:0014121

9	117166262	G	A	2689	AF_afr	MONDO:0019501,MONDO:0011767

9	131114938	A	G	5746	AF_afr	MONDO:0012089

9	136319562	T	G	5803	AF_afr	MONDO:0010122

9	136504970	C	A	1751	AF_afr	MONDO:0009123

9	136536816	G	A	39450	AF_afr	MONDO:0010008

9	139571527	C	CA	6626	AF_afr	MONDO:0012071

10	48385854	C	T	50368	AF_afr	MONDO:0014093

10	72358443	G	A	13713	AF_afr	MONDO:0011337

10	73104012	T	G	568	AF_afr	MONDO:0011273

10	73498354	C	T	45943	AF_afr	MONDO:0010984,MONDO:0011067,MONDO:0054601,MONDO:0010168

10	73544857	G	A	45989	AF_afr	MONDO:0010168

10	75842257	C	T	1559761	AF_afr	MONDO:0012667

10	78317029	C	T	41916	AF_afr	MONDO:0014070

10	97442533	G	A	37058	AF_afr	MONDO:0013896,MONDO:0009794

10	104596832	C	T	1802	AF_afr	MONDO:0018479,MONDO:0800379

10	123279677	G	C	13272	AF_afr	MONDO:0007043,MONDO:0007041,MONDO:0001056,MONDO:0007405,MONDO:0007400,MONDO:0013815,MONDO:0007042,MONDO:0012307,MONDO:0020667,MONDO:0007872,MONDO:0007412,MONDO:0019796,MONDO:0006485,MONDO:0005036,MONDO:0002447

10	126094026	A	G	1565221	AF_afr	MONDO:0009796

11	613094	G	A	190238	AF_afr	MONDO:0014597

11	2549211	A	G	67074	AF_afr	MONDO:0004981

11	4104539	C	T	41464	AF_afr	MONDO:0008051,MONDO:0008497,MONDO:0013008

11	5246958	T	C	21191	AF_afr	MONDO:0019402,MONDO:0011382,MONDO:0013517,MONDO:0007705,MONDO:0011381,MONDO:0020989,MONDO:0054801,MONDO:0021024,MONDO:0011399

11	5248177	A	T	15459	AF_afr	MONDO:0011382,MONDO:0019402,MONDO:0013517,MONDO:0007705,MONDO:0011381,MONDO:0020989,MONDO:0054801,MONDO:0021024,MONDO:0011399

11	6412770	T	C	167709	AF_afr	MONDO:0009756,MONDO:0011871,MONDO:0001982

11	22647104	CCTGGAAGTTCGCTAATCCCGGAA	C	6340	AF_afr	MONDO:0019391,MONDO:0011325

11	34988287	C	T	2118	AF_afr	MONDO:0009503

11	47354483	G	T	177701	AF_afr	MONDO:0004994,MONDO:0007268,MONDO:0005045

11	47354789	C	A	8616	AF_afr	MONDO:0007268,MONDO:0014163,MONDO:0005045

11	47355105	C	T	454325	AF_afr	MONDO:0005045

11	47359033	G	A	925916	AF_afr	MONDO:0004994,MONDO:0005045

11	47363601	C	T	180943	AF_afr	MONDO:0004994,MONDO:0005045

11	47364207	CGTT	C	181070	AF_afr	MONDO:0004994,MONDO:0005045

11	47368981	T	G	1509120	AF_afr	MONDO:0007268,MONDO:0014163,MONDO:0005045

11	47371426	T	G	574262	AF_afr	MONDO:0005045

11	68560838	G	A	1541389	AF_afr	MONDO:0009705

11	72005091	T	C	187784	AF_afr	MONDO:0014561

11	76910832	T	A	43261	AF_afr	MONDO:0010807,MONDO:0010168

11	77823770	C	T	2563	AF_afr	MONDO:0011969,MONDO:0054743

11	102995926	C	T	6506	AF_afr	MONDO:0018770,MONDO:0013127

11	108010944	T	C	92298	AF_afr	MONDO:0008760

11	108155138	C	T	127378	AF_afr	MONDO:0015356

11	117860269	C	A	1126309	AF_afr	MONDO:0013153

11	119148891	T	C	13811	AF_afr	MONDO:0011908,MONDO:0013308,MONDO:0021060

11	134128412	G	A	95585	AF_afr	MONDO:0012648

12	7361150	C	T	9144	AF_afr	MONDO:0008954,MONDO:0008736

12	48258868	C	T	7749	AF_afr	MONDO:0010186

12	50347951	C	T	17837	AF_afr	MONDO:0007451

12	52310003	G	A	8243	AF_afr	MONDO:0010880

12	53702942	G	A	5039	AF_afr	MONDO:0009279

12	56398762	G	A	3823	AF_afr	MONDO:0010089

12	58190332	G	A	155719	AF_afr	MONDO:0012512

12	94727303	C	G	139544	AF_afr	MONDO:0014374

12	94727303	C	T	1419704	AF_afr	MONDO:0014374

12	102164875	G	A	38433	AF_afr	MONDO:0009650,MONDO:0018931,MONDO:0009655

12	132416846	C	T	2536	AF_afr	MONDO:0024553

14	21819261	A	G	195835	AF_afr	MONDO:0013446,MONDO:0011987

14	23899810	C	T	161328	AF_afr	MONDO:0008647,MONDO:0024573,MONDO:0005045

14	24728950	C	A	39531	AF_afr	MONDO:0009441

14	51378470	G	T	194626	AF_afr	MONDO:0009294

14	51381466	G	A	21329	AF_afr	MONDO:0009294

14	57268649	T	C	30023	AF_afr	MONDO:0013518

14	61115522	T	C	8308	AF_afr	MONDO:0012025,MONDO:0007236,MONDO:0011519

14	65234443	C	G	12831	AF_afr	MONDO:0054780

14	76090982	C	G	1091	AF_afr	MONDO:0012177,MONDO:0009168

15	31323249	G	A	167748	AF_afr	MONDO:0013183

15	40504844	C	T	6761	AF_afr	MONDO:0005575,MONDO:0008304,MONDO:0009759

15	44914417	C	T	948762	AF_afr	MONDO:0011445

15	74472494	G	A	1136	AF_afr	MONDO:0011010

15	74631102	A	T	17523	AF_afr	MONDO:0013400

15	89864974	T	C	13506	AF_afr	MONDO:0013350,MONDO:0008758

16	2550823	C	T	49	AF_afr	MONDO:0010632,MONDO:0014470,MONDO:0011506,MONDO:0009079

16	5125448	C	G	4726	AF_afr	MONDO:0012052

16	23383157	C	A	8842	AF_afr	MONDO:0008887

16	23619279	G	A	126729	AF_afr	MONDO:0001056,MONDO:0015356,MONDO:0016419,MONDO:0012565,MONDO:0013236,MONDO:0003582,MONDO:0007254

16	23634397	AG	A	143969	AF_afr	MONDO:0015356,MONDO:0016419

16	23641354	AG	A	128128	AF_afr	MONDO:0013236,MONDO:0015356,MONDO:0016419

16	23641443	G	A	231579	AF_afr	MONDO:0015356,MONDO:0016419,MONDO:0013236,MONDO:0012565

16	23646387	TG	T	126606	AF_afr	MONDO:0015356,MONDO:0016419,MONDO:0003582

16	23647640	AT	A	142408	AF_afr	MONDO:0016419,MONDO:0012565,MONDO:0013236,MONDO:0015356,MONDO:0013692

16	29825093	C	T	31174	AF_afr	MONDO:0011178,MONDO:0100352,MONDO:0011593,MONDO:0044202

16	31105966	C	A	2207	AF_afr	MONDO:0007390

16	56906649	C	T	8592	AF_afr	MONDO:0009904

16	57685333	C	T	158629	AF_afr	MONDO:0011738

16	66545909	G	A	38997	AF_afr	MONDO:0012301

17	3558599	G	A	4443	AF_afr	MONDO:0009064,MONDO:0009066,MONDO:0016239,MONDO:0100151

17	4805239	G	C	1038740	AF_afr	MONDO:0011600,MONDO:0018940

17	4849265	C	A	37036	AF_afr	MONDO:0013891

17	7126557	G	A	1622	AF_afr	MONDO:0008723

17	7578457	C	A	528248	AF_afr	MONDO:0015356,MONDO:0008433,MONDO:0018875

17	8134652	C	T	30997	AF_afr	MONDO:0015780,MONDO:0024564

17	10447417	G	A	183667	AF_afr	MONDO:0011577

17	18060469	G	A	178449	AF_afr	MONDO:0010860

17	26733109	C	CG	30922	AF_afr	MONDO:0009238

17	33434403	T	TG	182849	AF_afr	MONDO:0013669,MONDO:0015356

17	40688674	G	T	167321	AF_afr	MONDO:0014665,MONDO:0009656

17	40695900	C	T	1561	AF_afr	MONDO:0014665,MONDO:0009656

17	41215362	TTTTC	T	37644	AF_afr	MONDO:0005212,MONDO:0015356,MONDO:0003582,MONDO:0021068,MONDO:0011450

17	41243655	G	A	245990	AF_afr	MONDO:0003582,MONDO:0015356

17	41251791	C	A	55590	AF_afr	MONDO:0003582,MONDO:0015356,MONDO:0011450

17	42338084	C	T	17775	AF_afr	MONDO:0012981

17	45364494	A	T	13568	AF_afr	MONDO:0031009,MONDO:0100326

17	56284471	T	C	183011	AF_afr	MONDO:0009571,MONDO:0014441,MONDO:0014928,MONDO:0018921,MONDO:0018772

17	56770101	C	T	142534	AF_afr	MONDO:0013253,MONDO:0013248,MONDO:0015356,MONDO:0003582

17	59761402	C	CAGCTGTCA	186335	AF_afr	MONDO:0015356,MONDO:0012187,MONDO:0016419

17	59820376	G	A	142595	AF_afr	MONDO:0021068,MONDO:0012187,MONDO:0015356,MONDO:0016419

17	59878626	TTG	T	128151	AF_afr	MONDO:0012187,MONDO:0021068,MONDO:0015356,MONDO:0016419

17	76991264	A	G	31016	AF_afr	MONDO:0009629

17	78086721	C	T	1131864	AF_afr	MONDO:0009290

17	78092022	C	T	92479	AF_afr	MONDO:0009290

17	79892247	C	T	13198	AF_afr	MONDO:0013755,MONDO:0016175

18	13885158	G	C	3260	AF_afr	MONDO:0024536

18	19751697	C	G	30208	AF_afr	MONDO:0015967,MONDO:0013769,MONDO:0008542

18	43667165	G	A	50353	AF_afr	MONDO:0014091

18	46904962	A	T	3186	AF_afr	MONDO:0011814,MONDO:0009130

18	57147460	A	T	445	AF_afr	MONDO:0009337

18	58038687	G	T	36488	AF_afr	MONDO:0011122

19	7120688	C	T	14708	AF_afr	MONDO:0012381,MONDO:0012520

19	12759988	C	A	208274	AF_afr	MONDO:0009561

19	13008602	G	C	193799	AF_afr	MONDO:0009281

19	49519820	C	T	14416	AF_afr	MONDO:0009223

20	741842	A	G	144	AF_afr	MONDO:0024537

20	3888734	C	T	4550	AF_afr	MONDO:0009319

20	43255238	C	A	1977	AF_afr	MONDO:0007064

20	62038489	A	G	784875	AF_afr	MONDO:0100062

21	35742955	T	A	898248	AF_afr	MONDO:0013370,MONDO:0012677

21	44589354	C	T	16959	AF_afr	MONDO:0011413

21	45706968	C	G	2066266	AF_afr	MONDO:0009411

22	29092973	G	T	185370	AF_afr	MONDO:0015356,MONDO:0016419

22	29120965	CT	C	142114	AF_afr	MONDO:0007254,MONDO:0016419,MONDO:0008315,MONDO:0005575,MONDO:0015356,MONDO:0003582

22	37480815	G	T	1405	AF_afr	MONDO:0008788

22	50965694	T	C	16656	AF_afr	MONDO:0017575,MONDO:0011283

22	50967000	C	T	16660	AF_afr	MONDO:0017575,MONDO:0011283

22	50967024	C	T	16655	AF_afr	MONDO:0017575,MONDO:0011283

22	51018627	A	G	1111375	AF_afr	MONDO:0011246

22	51065269	G	A	3071	AF_afr	MONDO:0018868

X	2876381	A	C	21031	AF_afr	MONDO:0010555

X	13767636	G	A	586193	AF_afr	MONDO:0010702,MONDO:0018772,MONDO:0016575

X	31497112	G	C	1764197	AF_afr	MONDO:0010679

X	31893421	T	C	2167242	AF_afr	MONDO:0010679

X	32383166	G	T	1989065	AF_afr	MONDO:0010679

X	37658209	C	T	10929	AF_afr	MONDO:0018305,MONDO:0010600

X	38262948	G	A	1297045	AF_afr	MONDO:0010703

X	107929360	G	A	24725	AF_afr	MONDO:0010520

X	133620501	C	A	435445	AF_afr	MONDO:0010299,MONDO:0010298

X	154091388	G	A	10321	AF_afr	MONDO:0010602,MONDO:0859082

X	154091399	C	T	10319	AF_afr	MONDO:0010604,MONDO:0010602
