1	9322320	C	G	31586	AF_nfe_onf	MONDO:0011503

1	10042376	C	G	37139	AF_nfe_onf	MONDO:0012056

1	10042736	A	G	37135	AF_nfe_onf	MONDO:0012056

1	11082325	G	A	21483	AF_nfe_onf	MONDO:0020128,MONDO:0012790

1	11082409	G	A	5236	AF_nfe_onf	MONDO:0012790

1	11082475	A	G	5228	AF_nfe_onf	MONDO:0012790

1	11082610	G	A	21474	AF_nfe_onf	MONDO:0012790

1	11850900	G	C	187904	AF_nfe_onf	MONDO:0009353

1	11850973	C	T	187901	AF_nfe_onf	MONDO:0009353

1	11851273	C	T	3527	AF_nfe_onf	MONDO:0009353

1	12033034	C	T	14373	AF_nfe_onf	MONDO:0016002

1	12052663	T	G	546587	AF_nfe_onf	MONDO:0018993

1	12058874	T	C	30736	AF_nfe_onf	MONDO:0014906,MONDO:0018993

1	17355094	C	T	29896	AF_nfe_onf	MONDO:0011719,MONDO:0008233,MONDO:0007273,MONDO:0015356,MONDO:0011740,MONDO:0017366

1	17371319	C	T	183793	AF_nfe_onf	MONDO:0007273,MONDO:0011719,MONDO:0008233,MONDO:0011740,MONDO:0015356,MONDO:0017366

1	17371367	TG	T	186518	AF_nfe_onf	MONDO:0008233,MONDO:0011719,MONDO:0007273,MONDO:0015356,MONDO:0017366

1	21887155	C	T	13667	AF_nfe_onf	MONDO:0018570

1	22191367	C	T	14918	AF_nfe_onf	MONDO:0100435

1	24125397	T	C	3676	AF_nfe_onf	MONDO:0009257

1	26139254	G	C	4493	AF_nfe_onf	MONDO:0011271

1	27121019	C	A	135662	AF_nfe_onf	MONDO:0009398

1	33478946	G	A	18258	AF_nfe_onf	MONDO:0015974,MONDO:0009973

1	40557843	T	C	8901	AF_nfe_onf	MONDO:0009744

1	43805767	C	A	14161	AF_nfe_onf	MONDO:0011469

1	45479743	G	C	67	AF_nfe_onf	MONDO:0008296

1	45797348	G	A	156509	AF_nfe_onf	MONDO:0001056,MONDO:0015356,MONDO:0002032,MONDO:0012041,MONDO:0004989,MONDO:0023113

1	45973222	G	T	161117	AF_nfe_onf	MONDO:0010184

1	52841246	C	T	30233	AF_nfe_onf	MONDO:0009143

1	52863445	C	T	30232	AF_nfe_onf	MONDO:0016817,MONDO:0009143

1	55464860	A	T	4380	AF_nfe_onf	MONDO:0011242

1	57422562	G	A	35594	AF_nfe_onf	MONDO:0013421,MONDO:0012908

1	64095192	A	G	13650	AF_nfe_onf	MONDO:0013968

1	67474795	C	T	1124	AF_nfe_onf	MONDO:0010013

1	76198554	T	C	92261	AF_nfe_onf	MONDO:0008721

1	76205779	G	A	3594	AF_nfe_onf	MONDO:0008721

1	76215129	C	T	3598	AF_nfe_onf	MONDO:0008721

1	92941647	T	C	8740	AF_nfe_onf	MONDO:0013139,MONDO:0011922

1	94578624	T	C	92871	AF_nfe_onf	MONDO:0019118,MONDO:0009549,MONDO:0003004

1	100316614	C	T	1095	AF_nfe_onf	MONDO:0009291

1	100316614	CAG	C	195097	AF_nfe_onf	MONDO:0009291

1	100346885	G	A	1096	AF_nfe_onf	MONDO:0009291

1	109466682	C	A	35493	AF_nfe_onf	MONDO:0011411

1	110607260	A	T	4646	AF_nfe_onf	MONDO:0007636

1	115576636	C	T	12687	AF_nfe_onf	MONDO:0010139

1	116206792	G	A	1346	AF_nfe_onf	MONDO:0017607

1	120284440	G	A	3871	AF_nfe_onf	MONDO:0011152,MONDO:0009736

1	145415419	T	C	2369	AF_nfe_onf	MONDO:0011216

1	145416320	T	A	2367	AF_nfe_onf	MONDO:0011216

1	145416614	G	T	2365	AF_nfe_onf	MONDO:0021001,MONDO:0011216

1	145416631	C	T	2366	AF_nfe_onf	MONDO:0011216

1	150464141	A	G	143050	AF_nfe_onf	MONDO:0014398

1	150483465	T	A	7476	AF_nfe_onf	MONDO:0009530

1	155206052	C	G	4320	AF_nfe_onf	MONDO:0009265

1	155206175	G	A	4306	AF_nfe_onf	MONDO:0008199,MONDO:0009268,MONDO:0009265,MONDO:0009266,MONDO:0009267,MONDO:0011945,MONDO:0007488,MONDO:0018150

1	155207367	A	T	4298	AF_nfe_onf	MONDO:0009268,MONDO:0007488,MONDO:0011945,MONDO:0009266,MONDO:0009267,MONDO:0008199,MONDO:0009265,MONDO:0018150

1	155208019	A	G	93457	AF_nfe_onf	MONDO:0009265,MONDO:0009266,MONDO:0009267,MONDO:0018150

1	160100073	G	A	12926	AF_nfe_onf	MONDO:0000700

1	161046145	C	T	1600	AF_nfe_onf	MONDO:0024565

1	161277096	G	C	14194	AF_nfe_onf	MONDO:0019011,MONDO:0011889,MONDO:0008392

1	168274374	C	T	5440	AF_nfe_onf	MONDO:0008720

1	169500043	T	C	649	AF_nfe_onf	MONDO:0020586

1	169510847	G	A	651	AF_nfe_onf	MONDO:0020586

1	170508656	G	T	2650	AF_nfe_onf	MONDO:0009271

1	171072947	G	A	16307	AF_nfe_onf	MONDO:0011182

1	171083259	G	T	16312	AF_nfe_onf	MONDO:0011182

1	173800731	G	T	1061	AF_nfe_onf	MONDO:0012622

1	173802557	G	A	1064	AF_nfe_onf	MONDO:0012622

1	173883708	G	A	18034	AF_nfe_onf	MONDO:0013144

1	197062286	G	A	21621	AF_nfe_onf	MONDO:0012106

1	197069873	CTG	C	157894	AF_nfe_onf	MONDO:0012106

1	197070364	G	A	157885	AF_nfe_onf	MONDO:0012106

1	197071525	TGAGA	T	157859	AF_nfe_onf	MONDO:0012106

1	197091119	C	A	21582	AF_nfe_onf	MONDO:0016660,MONDO:0012106,MONDO:0001149

1	197097820	T	C	21565	AF_nfe_onf	MONDO:0012106

1	197111746	GAAGAT	G	21558	AF_nfe_onf	MONDO:0012106

1	197411414	G	A	632096	AF_nfe_onf	MONDO:0013453,MONDO:0010818,MONDO:0018998,MONDO:0019118

1	213032155	A	G	18418	AF_nfe_onf	MONDO:0012177

1	215814065	G	A	177760	AF_nfe_onf	MONDO:0019118,MONDO:0010169,MONDO:0013436

1	215847878	AT	A	166428	AF_nfe_onf	MONDO:0019118,MONDO:0013436

1	215847937	G	A	198344	AF_nfe_onf	MONDO:0019501,MONDO:0019118,MONDO:0010169,MONDO:0013436,MONDO:0019200

1	215990485	C	A	48626	AF_nfe_onf	MONDO:0019118,MONDO:0019501,MONDO:0016484,MONDO:0013436,MONDO:0010169,MONDO:0019200

1	216373221	CA	C	48504	AF_nfe_onf	MONDO:0010169,MONDO:0019118,MONDO:0013436

1	216373231	AAT	A	48503	AF_nfe_onf	MONDO:0019501,MONDO:0013436,MONDO:0010169

1	216462754	T	C	48476	AF_nfe_onf	MONDO:0016484,MONDO:0013436,MONDO:0010169,MONDO:0019497

1	216497582	C	A	2359	AF_nfe_onf	MONDO:0019501,MONDO:0019118,MONDO:0013436,MONDO:0010169

1	216497623	AT	A	189250	AF_nfe_onf	MONDO:0019118,MONDO:0010169,MONDO:0013436

1	216498841	G	T	2358	AF_nfe_onf	MONDO:0016484,MONDO:0013436,MONDO:0010169,MONDO:0019118

1	216498866	G	GTGGC	48615	AF_nfe_onf	MONDO:0019118,MONDO:0004580,MONDO:0019501,MONDO:0019200,MONDO:0010169,MONDO:0013436

1	216500961	G	C	438026	AF_nfe_onf	MONDO:0010169,MONDO:0019501

1	216538300	A	C	2354	AF_nfe_onf	MONDO:0010169

1	231483571	A	G	143916	AF_nfe_onf	MONDO:0014527

1	241671943	C	T	16236	AF_nfe_onf	MONDO:0015356,MONDO:0007888,MONDO:0011730

1	241675301	G	C	29705	AF_nfe_onf	MONDO:0015356,MONDO:0007888,MONDO:0011730

1	243468018	A	T	61	AF_nfe_onf	MONDO:0014444

1	243468435	C	T	60	AF_nfe_onf	MONDO:0014444,MONDO:0013326,MONDO:0015229

2	1488386	T	G	4044	AF_nfe_onf	MONDO:0010133

2	1499831	C	T	4051	AF_nfe_onf	MONDO:0010133

2	1670256	G	A	140743	AF_nfe_onf	MONDO:0010015

2	3691397	T	C	30968	AF_nfe_onf	MONDO:0009927

2	20133230	C	T	23	AF_nfe_onf	MONDO:0013323

2	20173425	A	G	31045	AF_nfe_onf	MONDO:0013569

2	21232176	G	A	17895	AF_nfe_onf	MONDO:0007751,MONDO:0014252,MONDO:0005439

2	21233487	G	A	17887	AF_nfe_onf	MONDO:0005439,MONDO:0014252,MONDO:0007751

2	21236251	G	C	630135	AF_nfe_onf	MONDO:0014252,MONDO:0007751,MONDO:0005439

2	26435497	T	C	193564	AF_nfe_onf	MONDO:0012173,MONDO:0012172

2	26437316	A	T	8736	AF_nfe_onf	MONDO:0012173,MONDO:0012172

2	26459758	TGATGA	T	189105	AF_nfe_onf	MONDO:0012173,MONDO:0012172

2	26461799	T	C	8731	AF_nfe_onf	MONDO:0012173,MONDO:0012172

2	26683072	G	A	65813	AF_nfe_onf	MONDO:0010986

2	26690303	G	A	65801	AF_nfe_onf	MONDO:0010986

2	26698781	C	T	21841	AF_nfe_onf	MONDO:0010986

2	27535583	GGTGGTGCCA	G	38350	AF_nfe_onf	MONDO:0009747

2	27535898	C	T	16160	AF_nfe_onf	MONDO:0018158,MONDO:0009747

2	27693963	C	T	191367	AF_nfe_onf	MONDO:0014284,MONDO:0014618,MONDO:0023670

2	29432739	A	G	21867	AF_nfe_onf	MONDO:0015356,MONDO:0005072,MONDO:0013083

2	38298230	T	A	7743	AF_nfe_onf	MONDO:0009277,MONDO:0000365

2	38302530	A	G	7736	AF_nfe_onf	MONDO:0015016,MONDO:0000365

2	39249914	C	A	40681	AF_nfe_onf	MONDO:0020297,MONDO:0021060

2	39249915	T	C	12871	AF_nfe_onf	MONDO:0007609,MONDO:0012547,MONDO:0021060,MONDO:0018997

2	44073448	C	G	39520	AF_nfe_onf	MONDO:0020747

2	44201383	G	A	3110	AF_nfe_onf	MONDO:0009069

2	45169742	G	T	30382	AF_nfe_onf	MONDO:0010011

2	47221651	CAAGT	C	50608	AF_nfe_onf	MONDO:0009465

2	47601174	C	T	40256	AF_nfe_onf	MONDO:0001056,MONDO:0013184

2	47637479	G	C	455601	AF_nfe_onf	MONDO:0015356

2	47639550	T	C	220153	AF_nfe_onf	MONDO:0007356,MONDO:0015356

2	47643461	TCA	T	91262	AF_nfe_onf	MONDO:0018630,MONDO:0015356,MONDO:0005835

2	47656903	G	A	455471	AF_nfe_onf	MONDO:0015356

2	47693795	A	G	90688	AF_nfe_onf	MONDO:0015356,MONDO:0005835

2	47702189	CAAT	C	1757	AF_nfe_onf	MONDO:0015356,MONDO:0005835,MONDO:0002032,MONDO:0007356

2	47705490	T	G	246035	AF_nfe_onf	MONDO:0015356

2	48025863	AC	A	141365	AF_nfe_onf	MONDO:0018630,MONDO:0015356

2	48030639	A	ACC	428313	AF_nfe_onf	MONDO:0015356

2	48915301	G	T	14391	AF_nfe_onf	MONDO:0008303,MONDO:0009384

2	49190243	G	A	16245	AF_nfe_onf	MONDO:0024463

2	50723177	G	C	9041	AF_nfe_onf	MONDO:0013690

2	71762412	C	A	94269	AF_nfe_onf	MONDO:0016145,MONDO:0009676

2	74072020	G	T	50794	AF_nfe_onf	MONDO:0013659

2	74072313	T	A	50796	AF_nfe_onf	MONDO:0013659

2	86071665	G	A	5556	AF_nfe_onf	MONDO:0018274

2	89028797	C	T	13008	AF_nfe_onf	MONDO:0012073

2	97475075	C	T	2852	AF_nfe_onf	MONDO:0009007

2	109513586	C	T	5855	AF_nfe_onf	MONDO:0009147

2	109545681	T	G	5856	AF_nfe_onf	MONDO:0009147

2	109545751	A	G	5851	AF_nfe_onf	MONDO:0007509,MONDO:0009147

2	112777100	G	T	5403	AF_nfe_onf	MONDO:0019118,MONDO:0019200,MONDO:0013469

2	113514392	CTT	C	162389	AF_nfe_onf	MONDO:0010092

2	122288521	G	C	39442	AF_nfe_onf	MONDO:0008871

2	128036846	G	A	16588	AF_nfe_onf	MONDO:0012531

2	128044348	G	A	16585	AF_nfe_onf	MONDO:0012531

2	128050361	A	G	16583	AF_nfe_onf	MONDO:0012531

2	128178957	C	T	188230	AF_nfe_onf	MONDO:0012860,MONDO:0008316

2	128186061	G	A	662	AF_nfe_onf	MONDO:0012860,MONDO:0008316

2	135883820	G	A	100769	AF_nfe_onf	MONDO:0010822

2	148710009	T	C	30295	AF_nfe_onf	MONDO:0013428

2	152563394	C	T	95104	AF_nfe_onf	MONDO:0018958,MONDO:0009725,MONDO:0030281

2	166165261	C	T	12875	AF_nfe_onf	MONDO:0100038,MONDO:0013388,MONDO:0011904

2	166606257	G	A	7795	AF_nfe_onf	MONDO:0100252

2	166618449	T	TG	7800	AF_nfe_onf	MONDO:0100252

2	167141016	T	A	6366	AF_nfe_onf	MONDO:0013470,MONDO:0024309,MONDO:0009459,MONDO:0008179,MONDO:0007571

2	167163041	G	A	1427115	AF_nfe_onf	MONDO:0013470,MONDO:0024309

2	170371211	C	T	183245	AF_nfe_onf	MONDO:0014326

2	175618323	C	T	578690	AF_nfe_onf	MONDO:0018940,MONDO:0009668

2	179639882	T	TTGTCTGTTTCCTTACA	130679	AF_nfe_onf	MONDO:0012127,MONDO:0011400,MONDO:0010870

2	189907903	C	G	17198	AF_nfe_onf	MONDO:0019567,MONDO:0007522

2	202492798	C	A	31184	AF_nfe_onf	MONDO:0013745

2	203379626	G	A	8813	AF_nfe_onf	MONDO:0001999,MONDO:0003996,MONDO:0024533

2	207006705	G	A	50924	AF_nfe_onf	MONDO:0032610

2	207009733	T	C	14231	AF_nfe_onf	MONDO:0032610

2	212248444	G	A	64626	AF_nfe_onf	MONDO:0014223

2	215610566	G	A	127720	AF_nfe_onf	MONDO:0015356,MONDO:0003582,MONDO:0002447,MONDO:0016419

2	215617196	G	C	141384	AF_nfe_onf	MONDO:0015356,MONDO:0016419

2	215645865	G	A	141005	AF_nfe_onf	MONDO:0015356,MONDO:0016419

2	215645991	C	T	232988	AF_nfe_onf	MONDO:0015356,MONDO:0016419

2	216209551	A	G	7810	AF_nfe_onf	MONDO:0012099

2	219674424	G	A	65866	AF_nfe_onf	MONDO:0008948

2	219674479	G	A	2073701	AF_nfe_onf	MONDO:0008948

2	219676973	C	T	65873	AF_nfe_onf	MONDO:0008948

2	219677652	A	T	65907	AF_nfe_onf	MONDO:0008948

2	220022916	G	C	981	AF_nfe_onf	MONDO:0012650

2	234669457	T	A	12285	AF_nfe_onf	MONDO:0011725

2	234675807	A	G	12270	AF_nfe_onf	MONDO:0011725

2	234676979	A	G	12286	AF_nfe_onf	MONDO:0011725,MONDO:0007745

2	238243533	C	G	192263	AF_nfe_onf	MONDO:0014627,MONDO:0024530

2	241808619	C	G	5642	AF_nfe_onf	MONDO:0009823

3	3188173	T	C	157614	AF_nfe_onf	MONDO:0014487

3	4403877	G	A	1418935	AF_nfe_onf	MONDO:0010088

3	4403907	C	T	2667	AF_nfe_onf	MONDO:0010088

3	4403920	G	A	2675	AF_nfe_onf	MONDO:0010088

3	10183808	G	T	223175	AF_nfe_onf	MONDO:0008667

3	10183823	T	C	2223	AF_nfe_onf	MONDO:0008667,MONDO:0009892,MONDO:0015356

3	10188265	T	G	238107	AF_nfe_onf	MONDO:0009892,MONDO:0008667,MONDO:0008233,MONDO:0007763,MONDO:0015356

3	10191507	G	A	2216	AF_nfe_onf	MONDO:0008667,MONDO:0009892,MONDO:0015356

3	10191581	C	T	2234	AF_nfe_onf	MONDO:0008667,MONDO:0009892,MONDO:0015356,MONDO:0007763,MONDO:0008233

3	12458335	G	A	8137	AF_nfe_onf	MONDO:0011448

3	15685848	C	T	25014	AF_nfe_onf	MONDO:0009665

3	15685947	A	G	2203315	AF_nfe_onf	MONDO:0009665

3	15686006	C	T	25031	AF_nfe_onf	MONDO:0009665

3	15686072	G	A	25036	AF_nfe_onf	MONDO:0009665

3	15686127	T	C	25040	AF_nfe_onf	MONDO:0009665

3	15686601	GCTATCTCCACGT	G	38573	AF_nfe_onf	MONDO:0009665

3	15686732	G	A	2203322	AF_nfe_onf	MONDO:0009665

3	15686751	G	A	25087	AF_nfe_onf	MONDO:0009665

3	33055804	T	C	946	AF_nfe_onf	MONDO:0009660,MONDO:0018149,MONDO:0009262,MONDO:0009261,MONDO:0009260

3	33109737	G	T	551757	AF_nfe_onf	MONDO:0009660,MONDO:0018149,MONDO:0009261,MONDO:0009262,MONDO:0009260

3	37061803	T	C	232668	AF_nfe_onf	MONDO:0015356,MONDO:0012249

3	37067239	G	A	405421	AF_nfe_onf	MONDO:0015356,MONDO:0012249,MONDO:0010159

3	37067350	A	G	232095	AF_nfe_onf	MONDO:0015356,MONDO:0012249

3	37090013	G	A	455409	AF_nfe_onf	MONDO:0015356

3	38592864	C	T	67949	AF_nfe_onf	MONDO:0019171,MONDO:0015263,MONDO:0002442

3	38596010	C	T	67910	AF_nfe_onf	MONDO:0015263

3	38597188	G	C	67904	AF_nfe_onf	MONDO:0019171,MONDO:0002442,MONDO:0015263,MONDO:0011377

3	38597222	C	A	67897	AF_nfe_onf	MONDO:0015263,MONDO:0019171

3	38603986	C	T	67834	AF_nfe_onf	MONDO:0015263,MONDO:0019171

3	38645376	G	C	67685	AF_nfe_onf	MONDO:0019171

3	38645558	G	A	67665	AF_nfe_onf	MONDO:0015263,MONDO:0005449,MONDO:0011001,MONDO:0007240,MONDO:0011376,MONDO:0011377,MONDO:0011003,MONDO:0013530,MONDO:0024562

3	38651261	C	T	68056	AF_nfe_onf	MONDO:0015263

3	38671867	G	T	67787	AF_nfe_onf	MONDO:0015263

3	38674645	G	A	67666	AF_nfe_onf	MONDO:0019171,MONDO:0011001,MONDO:0024562,MONDO:0007240,MONDO:0011377,MONDO:0011376,MONDO:0011003,MONDO:0013530,MONDO:0015263

3	39433004	C	T	1118	AF_nfe_onf	MONDO:0008785

3	43596909	A	C	31057	AF_nfe_onf	MONDO:0013392

3	46750678	C	T	3392	AF_nfe_onf	MONDO:0010965

3	48508961	A	C	126394	AF_nfe_onf	MONDO:0009165,MONDO:0012500,MONDO:0008641

3	48612669	G	A	17456	AF_nfe_onf	MONDO:0006543,MONDO:0009179

3	48612669	G	C	1685282	AF_nfe_onf	MONDO:0007548

3	48630971	T	C	29636	AF_nfe_onf	MONDO:0007549,MONDO:0007552,MONDO:0007557,MONDO:0009179,MONDO:0011852,MONDO:0011398,MONDO:0007548,MONDO:0006543,MONDO:0008798

3	52020270	G	A	18112	AF_nfe_onf	MONDO:0012368

3	52021009	C	T	18113	AF_nfe_onf	MONDO:0012368

3	52436624	G	A	30302	AF_nfe_onf	MONDO:0015356,MONDO:0013692

3	57232242	T	C	7693	AF_nfe_onf	MONDO:0008428

3	57232305	G	A	7691	AF_nfe_onf	MONDO:0008428

3	70014031	T	C	14277	AF_nfe_onf	MONDO:0013759,MONDO:0008671,MONDO:0007077

3	71830676	AT	A	3603	AF_nfe_onf	MONDO:0012528

3	81584397	T	C	2788	AF_nfe_onf	MONDO:0009292,MONDO:0017700

3	81692140	G	A	2791	AF_nfe_onf	MONDO:0009292,MONDO:0009897,MONDO:0017698

3	87311248	A	G	13611	AF_nfe_onf	MONDO:0024464

3	87311310	C	T	13614	AF_nfe_onf	MONDO:0013099,MONDO:0024464

3	87311353	C	G	13604	AF_nfe_onf	MONDO:0024464

3	93619674	T	C	29849	AF_nfe_onf	MONDO:0013791

3	100447603	C	T	100909	AF_nfe_onf	MONDO:0011468,MONDO:0014295

3	100467026	C	T	37089	AF_nfe_onf	MONDO:0011468,MONDO:0014295

3	101023121	A	G	3550	AF_nfe_onf	MONDO:0014509,MONDO:0019200

3	120394711	C	T	3170	AF_nfe_onf	MONDO:0008753

3	121527824	GAA	G	1831	AF_nfe_onf	MONDO:0019118,MONDO:0019005,MONDO:0018998,MONDO:0012225

3	129200389	T	G	4635	AF_nfe_onf	MONDO:0021093

3	129247709	T	C	13019	AF_nfe_onf	MONDO:0013395

3	129251424	G	T	13036	AF_nfe_onf	MONDO:0019118

3	131181664	G	C	30643	AF_nfe_onf	MONDO:0013811

3	132423185	C	A	2634	AF_nfe_onf	MONDO:0009966,MONDO:0008833,MONDO:0011456,MONDO:0019005

3	135980866	G	A	12015	AF_nfe_onf	MONDO:0011628

3	136012626	C	T	198428	AF_nfe_onf	MONDO:0011628

3	136048854	A	G	38881	AF_nfe_onf	MONDO:0011628

3	139069025	G	A	4753	AF_nfe_onf	MONDO:0012718,MONDO:0020857

3	148714193	C	T	5954	AF_nfe_onf	MONDO:0013291

3	150690378	A	C	4399	AF_nfe_onf	MONDO:0010170,MONDO:0019501,MONDO:0019118,MONDO:0016485

3	150690404	G	C	858579	AF_nfe_onf	MONDO:0010170

3	158364685	A	G	4160	AF_nfe_onf	MONDO:0012191

3	178952085	A	G	13652	AF_nfe_onf	MONDO:0005335,MONDO:0006485,MONDO:0021230,MONDO:0005082,MONDO:0006046,MONDO:0005036,MONDO:0006639,MONDO:0007962,MONDO:0013125,MONDO:0016736,MONDO:0023644,MONDO:0035162,MONDO:0018177,MONDO:0021100,MONDO:0021211,MONDO:0001056,MONDO:0006047,MONDO:0011240,MONDO:0013038,MONDO:0021068,MONDO:0005012,MONDO:0008420,MONDO:0005233,MONDO:0007256,MONDO:0007959,MONDO:0005097,MONDO:0005061,MONDO:0004988,MONDO:0010150,MONDO:0002032,MONDO:0100283,MONDO:0005070,MONDO:0002911,MONDO:0005611,MONDO:0019086,MONDO:0004989

3	180337121	CT	C	65950	AF_nfe_onf	MONDO:0016575,MONDO:0013434

3	181430719	G	A	12826	AF_nfe_onf	MONDO:0008799

3	182755073	GC	G	167269	AF_nfe_onf	MONDO:0008861,MONDO:0018950

3	182763310	A	C	1929	AF_nfe_onf	MONDO:0018950,MONDO:0008861

3	195975116	G	A	101057	AF_nfe_onf	MONDO:0012160

4	647908	C	T	13103	AF_nfe_onf	MONDO:0019118,MONDO:0019200,MONDO:0013429

4	4861991	G	T	461600	AF_nfe_onf	MONDO:0008582

4	4864581	C	G	1022700	AF_nfe_onf	MONDO:0008582

4	6293688	C	T	4516	AF_nfe_onf	MONDO:0009101

4	13383201	G	A	60755	AF_nfe_onf	MONDO:0014153,MONDO:0015993

4	15569358	C	T	748	AF_nfe_onf	MONDO:0018921,MONDO:0018772,MONDO:0030859,MONDO:0012849

4	15597733	A	C	30934	AF_nfe_onf	MONDO:0018772,MONDO:0018921

4	25665889	G	C	5717	AF_nfe_onf	MONDO:0009928

4	39219723	G	C	127155	AF_nfe_onf	MONDO:0014579,MONDO:0013717,MONDO:0013718

4	39257534	A	C	903419	AF_nfe_onf	MONDO:0013717,MONDO:0014579,MONDO:0013719

4	39269660	C	T	30704	AF_nfe_onf	MONDO:0014579,MONDO:0013717,MONDO:0013719

4	39471647	G	A	30629	AF_nfe_onf	MONDO:0013762

4	68619543	C	T	16034	AF_nfe_onf	MONDO:0007794

4	77100846	A	ACT	7377	AF_nfe_onf	MONDO:0020074,MONDO:0009699

4	84194658	T	C	1439	AF_nfe_onf	MONDO:0005377,MONDO:0018151,MONDO:0011829

4	88577645	A	G	8575	AF_nfe_onf	MONDO:0009430

4	108930953	C	A	8019	AF_nfe_onf	MONDO:0005803,MONDO:0017715,MONDO:0012382

4	114186089	G	A	67604	AF_nfe_onf	MONDO:0005478,MONDO:0010958

4	114290867	G	C	67601	AF_nfe_onf	MONDO:0019171,MONDO:0010958,MONDO:0002442

4	122768628	T	C	3015	AF_nfe_onf	MONDO:0015229,MONDO:0014435

4	123663912	G	C	1150	AF_nfe_onf	MONDO:0019118,MONDO:0015229,MONDO:0014440

4	128851942	A	G	1154812	AF_nfe_onf	MONDO:0012588

4	128851955	G	T	1006	AF_nfe_onf	MONDO:0012588

4	128864984	T	G	934468	AF_nfe_onf	MONDO:0012588

4	158058043	G	A	16059	AF_nfe_onf	MONDO:0013828

4	159624692	G	T	95071	AF_nfe_onf	MONDO:0009282

4	187130126	C	T	39253	AF_nfe_onf	MONDO:0008865

4	187195382	C	A	11896	AF_nfe_onf	MONDO:0012897

5	13901585	G	A	6480	AF_nfe_onf	MONDO:0016575,MONDO:0012085

5	13902162	C	G	65637	AF_nfe_onf	MONDO:0016575,MONDO:0012085

5	36985082	TA	T	180191	AF_nfe_onf	MONDO:0007387

5	37167148	C	T	31220	AF_nfe_onf	MONDO:0010176,MONDO:0013824

5	37187897	C	G	157516	AF_nfe_onf	MONDO:0010176

5	41803250	C	T	8166	AF_nfe_onf	MONDO:0009492

5	42689023	C	A	8634	AF_nfe_onf	MONDO:0015892,MONDO:0009877

5	42711416	G	C	8638	AF_nfe_onf	MONDO:0011420

5	43702754	T	G	35542	AF_nfe_onf	MONDO:0013874

5	52942201	C	T	6889	AF_nfe_onf	MONDO:0100133,MONDO:0100224,MONDO:0009723

5	70895499	G	C	1920	AF_nfe_onf	MONDO:0008862

5	78077797	C	T	880	AF_nfe_onf	MONDO:0018868,MONDO:0009661

5	78135214	T	G	886	AF_nfe_onf	MONDO:0009661

5	78264979	A	G	878	AF_nfe_onf	MONDO:0009661

5	89986808	C	T	6798	AF_nfe_onf	MONDO:0019501,MONDO:0011443,MONDO:0011558

5	112177233	A	G	647667	AF_nfe_onf	MONDO:0015356,MONDO:0021056

5	122734847	C	G	189370	AF_nfe_onf	MONDO:0014577

5	127674667	C	T	161445	AF_nfe_onf	MONDO:0003900,MONDO:0014501,MONDO:0007363,MONDO:0019625

5	130495187	G	T	37315	AF_nfe_onf	MONDO:0007646

5	130495255	C	A	37314	AF_nfe_onf	MONDO:0007646,MONDO:0005244

5	131944409	C	T	37376	AF_nfe_onf	MONDO:0015356

5	133942700	A	T	2925	AF_nfe_onf	MONDO:0009528

5	136961454	G	A	100548	AF_nfe_onf	MONDO:0007772

5	138362488	A	G	2624	AF_nfe_onf	MONDO:0009567

5	138643448	T	G	126561	AF_nfe_onf	MONDO:0011632

5	142689700	C	T	16156	AF_nfe_onf	MONDO:0014421

5	148406466	A	C	2481	AF_nfe_onf	MONDO:0018995,MONDO:0011113

5	149434851	A	C	907382	AF_nfe_onf	MONDO:0030796

5	149435843	A	G	29813	AF_nfe_onf	MONDO:0030796

5	149921213	G	A	161412	AF_nfe_onf	MONDO:0014499

5	151235898	T	C	16068	AF_nfe_onf	MONDO:0021022,MONDO:0007868

5	151239523	CG	C	16067	AF_nfe_onf	MONDO:0021022,MONDO:0007868

5	156608074	G	A	64372	AF_nfe_onf	MONDO:0013081

5	176813474	G	A	12932	AF_nfe_onf	MONDO:0012850

5	177421298	CT	C	8102	AF_nfe_onf	MONDO:0009878,MONDO:0019591

6	1610925	G	C	8458	AF_nfe_onf	MONDO:0011233

6	18122762	A	T	2586	AF_nfe_onf	MONDO:0009697,MONDO:0800306

6	24528277	G	A	1359	AF_nfe_onf	MONDO:0010083

6	26093144	A	C	19	AF_nfe_onf	MONDO:0021001,MONDO:0006507

6	31085217	T	A	30269	AF_nfe_onf	MONDO:0024548

6	32016415	G	A	144113	AF_nfe_onf	MONDO:0014422

6	32052343	CTT	C	8550	AF_nfe_onf	MONDO:0011670

6	33144993	C	T	17121	AF_nfe_onf	MONDO:0044206

6	39893421	C	T	6120	AF_nfe_onf	MONDO:0009643

6	41127611	T	C	5215	AF_nfe_onf	MONDO:0020750

6	41129295	G	A	5219	AF_nfe_onf	MONDO:0020750,MONDO:0020749

6	43555112	C	T	5889	AF_nfe_onf	MONDO:0010214

6	43578333	C	T	5890	AF_nfe_onf	MONDO:0010214

6	44272809	G	A	143046	AF_nfe_onf	MONDO:0014387,MONDO:0013570

6	49419304	G	A	167310	AF_nfe_onf	MONDO:0009612,MONDO:0002012

6	49425502	T	A	1886	AF_nfe_onf	MONDO:0002012,MONDO:0009612

6	51524705	G	A	198314	AF_nfe_onf	MONDO:0033004,MONDO:0000447,MONDO:0009889

6	52880897	C	T	640	AF_nfe_onf	MONDO:0012980

6	74348214	TG	T	167693	AF_nfe_onf	MONDO:0010027,MONDO:0011449

6	74363567	C	A	167694	AF_nfe_onf	MONDO:0011449

6	76744345	A	G	162136	AF_nfe_onf	MONDO:0019118,MONDO:0014508

6	80878640	A	T	96593	AF_nfe_onf	MONDO:0023692,MONDO:0009563

6	80912861	CT	C	96616	AF_nfe_onf	MONDO:0009563

6	88299641	T	C	30912	AF_nfe_onf	MONDO:0012683

6	109796668	A	C	31096	AF_nfe_onf	MONDO:0013553

6	112390751	G	A	6380	AF_nfe_onf	MONDO:0008827

6	112462089	G	A	50370	AF_nfe_onf	MONDO:0014095

6	116938111	C	T	504	AF_nfe_onf	MONDO:0016575,MONDO:0012978

6	129204503	G	A	92937	AF_nfe_onf	MONDO:0011925,MONDO:0029136,MONDO:0100228

6	129722490	G	C	197024	AF_nfe_onf	MONDO:0029136,MONDO:0011925,MONDO:0100228

6	129723611	ACTCATCT	A	92970	AF_nfe_onf	MONDO:0100228,MONDO:0011925

6	129781432	C	T	92980	AF_nfe_onf	MONDO:0007402,MONDO:0100228,MONDO:0011925

6	131894480	G	A	2395	AF_nfe_onf	MONDO:0008814

6	132198145	G	C	13588	AF_nfe_onf	MONDO:0008817

6	135778798	G	A	30760	AF_nfe_onf	MONDO:0016364,MONDO:0018772,MONDO:0019118,MONDO:0012078

6	137143923	C	T	1521660	AF_nfe_onf	MONDO:0013945

6	149699673	C	T	5211	AF_nfe_onf	MONDO:0014000

6	151757581	C	A	242631	AF_nfe_onf	MONDO:0013969

6	152643033	T	C	2326	AF_nfe_onf	MONDO:0013071,MONDO:0012549

6	152702455	T	A	2327	AF_nfe_onf	MONDO:0012549

6	162394435	T	A	7051	AF_nfe_onf	MONDO:0010820

7	6042221	G	A	9234	AF_nfe_onf	MONDO:0030843,MONDO:0001056,MONDO:0015356,MONDO:0005835,MONDO:0013699,MONDO:0007356,MONDO:0010159

7	6048649	A	T	182809	AF_nfe_onf	MONDO:0018630,MONDO:0015356,MONDO:0010159,MONDO:0013699

7	24746007	GGAA	G	179997	AF_nfe_onf	MONDO:0010973

7	26400616	C	T	139565	AF_nfe_onf	MONDO:0014040

7	26404195	G	A	40050	AF_nfe_onf	MONDO:0014040

7	33055330	T	TCC	4482	AF_nfe_onf	MONDO:0009946

7	33057113	G	A	4480	AF_nfe_onf	MONDO:0009946

7	35288378	G	C	4632	AF_nfe_onf	MONDO:0012654

7	40172768	T	C	1844	AF_nfe_onf	MONDO:0021013

7	44104863	T	G	419	AF_nfe_onf	MONDO:0009865

7	44189362	C	T	36243	AF_nfe_onf	MONDO:0007453,MONDO:0100165,MONDO:0005148,MONDO:0011236,MONDO:0015967,MONDO:0018911

7	65426009	G	A	897	AF_nfe_onf	MONDO:0009662

7	65432887	T	C	899	AF_nfe_onf	MONDO:0009662

7	65551750	C	T	92362	AF_nfe_onf	MONDO:0008815

7	66103943	C	T	388868	AF_nfe_onf	MONDO:0012721

7	73475468	T	C	1679781	AF_nfe_onf	MONDO:0008504

7	91670004	C	T	5883	AF_nfe_onf	MONDO:0002442,MONDO:0012738

7	92134156	A	ATCCACACTG	93102	AF_nfe_onf	MONDO:0019609,MONDO:0008953,MONDO:0011101,MONDO:0019234

7	94257615	G	A	5768	AF_nfe_onf	MONDO:0008044

7	100231138	A	T	5382	AF_nfe_onf	MONDO:0011417

7	100858381	T	C	6643	AF_nfe_onf	MONDO:0012892

7	107302088	T	C	43553	AF_nfe_onf	MONDO:0010134,MONDO:0010933

7	107334926	G	C	370343	AF_nfe_onf	MONDO:0010134,MONDO:0010933

7	107338530	T	C	4836	AF_nfe_onf	MONDO:0010134

7	107338557	G	A	43516	AF_nfe_onf	MONDO:0010933,MONDO:0010134

7	116417464	A	G	13887	AF_nfe_onf	MONDO:0005086,MONDO:0005206,MONDO:0015356

7	117149123	C	T	53425	AF_nfe_onf	MONDO:0008887,MONDO:0008185,MONDO:0009061,MONDO:0010178

7	117170953	G	T	7186	AF_nfe_onf	MONDO:0010178,MONDO:0009061

7	117174372	G	A	48692	AF_nfe_onf	MONDO:0009061,MONDO:0010178,MONDO:0008887,MONDO:0008185

7	117175301	G	T	54014	AF_nfe_onf	MONDO:0009061,MONDO:0010178,MONDO:0008887,MONDO:0008185

7	117180232	T	G	281724	AF_nfe_onf	MONDO:0009061

7	117180291	T	A	53162	AF_nfe_onf	MONDO:0009061,MONDO:0010178

7	117180297	C	T	7193	AF_nfe_onf	MONDO:0009061

7	117232712	G	A	7175	AF_nfe_onf	MONDO:0009061

7	117242919	T	TA	53536	AF_nfe_onf	MONDO:0009061

7	117251771	C	A	38728	AF_nfe_onf	MONDO:0009061,MONDO:0010178,MONDO:0008185,MONDO:0008887

7	117267694	C	G	48674	AF_nfe_onf	MONDO:0008887,MONDO:0008185,MONDO:0009061,MONDO:0010178

7	117282647	G	C	7152	AF_nfe_onf	MONDO:0009061

7	120446653	C	G	320	AF_nfe_onf	MONDO:0013218

7	128038611	C	T	14834	AF_nfe_onf	MONDO:0008379

7	137792252	C	T	5378	AF_nfe_onf	MONDO:0009339

7	141341162	C	T	30829	AF_nfe_onf	MONDO:0008922

7	142459789	G	A	11876	AF_nfe_onf	MONDO:0008185

7	143018837	C	G	21046	AF_nfe_onf	MONDO:0008055,MONDO:0009715

7	143027882	G	A	17541	AF_nfe_onf	MONDO:0008055,MONDO:0009715

7	143028358	G	A	21037	AF_nfe_onf	MONDO:0008055,MONDO:0009715

7	144380068	A	G	30570	AF_nfe_onf	MONDO:0013761

7	150642586	G	A	67491	AF_nfe_onf	MONDO:0019171,MONDO:0002442

7	150644461	C	T	67469	AF_nfe_onf	MONDO:0012312,MONDO:0013367,MONDO:0019171,MONDO:0002442

7	150644796	G	C	67445	AF_nfe_onf	MONDO:0002442,MONDO:0019171

7	150644817	G	T	67442	AF_nfe_onf	MONDO:0019171

7	150644888	C	A	2181844	AF_nfe_onf	MONDO:0002442

7	150645543	C	A	67425	AF_nfe_onf	MONDO:0002442,MONDO:0019171

7	150647397	C	A	67380	AF_nfe_onf	MONDO:0019171

7	150648593	C	T	222669	AF_nfe_onf	MONDO:0002442,MONDO:0013367

7	150654567	C	T	67548	AF_nfe_onf	MONDO:0019171

7	150655572	C	T	67508	AF_nfe_onf	MONDO:0013367,MONDO:0012312,MONDO:0002442,MONDO:0019171

7	150671921	C	T	67298	AF_nfe_onf	MONDO:0019171,MONDO:0002442

7	152357810	CA	C	183003	AF_nfe_onf	MONDO:0015356,MONDO:0004989

8	19809302	G	A	1541	AF_nfe_onf	MONDO:0009387,MONDO:0007759

8	19809336	A	C	1545	AF_nfe_onf	MONDO:0009387

8	19809427	C	T	1524	AF_nfe_onf	MONDO:0009387

8	21973257	G	A	7339	AF_nfe_onf	MONDO:0008847

8	27645520	G	A	21233	AF_nfe_onf	MONDO:0009997,MONDO:0100253

8	27646357	A	G	21234	AF_nfe_onf	MONDO:0100253

8	38002831	G	A	8993	AF_nfe_onf	MONDO:0008725

8	38003572	C	T	8996	AF_nfe_onf	MONDO:0008725

8	42977872	T	A	160349	AF_nfe_onf	MONDO:0014101,MONDO:0014489

8	43046739	G	A	96500	AF_nfe_onf	MONDO:0018937,MONDO:0009657,MONDO:0014687,MONDO:0019118

8	43048987	G	A	96502	AF_nfe_onf	MONDO:0009657,MONDO:0014687

8	61135236	C	T	29620	AF_nfe_onf	MONDO:0013188

8	65527751	T	C	120179	AF_nfe_onf	MONDO:0010047

8	75276240	C	T	4200	AF_nfe_onf	MONDO:0015626,MONDO:0011898,MONDO:0011916,MONDO:0012014,MONDO:0008961,MONDO:0002321,MONDO:0007402,MONDO:0004183,MONDO:0001824

8	77895549	C	CT	162495	AF_nfe_onf	MONDO:0013933

8	77896131	TATCTC	T	139588	AF_nfe_onf	MONDO:0019609,MONDO:0013932,MONDO:0019234

8	86386008	C	T	916	AF_nfe_onf	MONDO:0009818

8	90955548	G	C	182728	AF_nfe_onf	MONDO:0015356,MONDO:0009623,MONDO:0007254

8	90965843	G	A	141946	AF_nfe_onf	MONDO:0015356,MONDO:0009623

8	90967765	TG	T	141731	AF_nfe_onf	MONDO:0015356,MONDO:0009623

8	94821126	T	C	1378	AF_nfe_onf	MONDO:0014442,MONDO:0011202,MONDO:0012539,MONDO:0013302,MONDO:0011821,MONDO:0800103,MONDO:0015369,MONDO:0018921,MONDO:0018772

8	97172752	C	G	60534	AF_nfe_onf	MONDO:0013376,MONDO:0007306,MONDO:0013130,MONDO:0014145

8	103226385	C	A	5392	AF_nfe_onf	MONDO:0012792

8	104340634	C	T	30356	AF_nfe_onf	MONDO:0008060,MONDO:0002884

8	118849384	C	T	265129	AF_nfe_onf	MONDO:0007585,MONDO:0005508

8	133645062	C	CT	39796	AF_nfe_onf	MONDO:0013979

8	133645065	G	A	39795	AF_nfe_onf	MONDO:0013979

8	133669112	C	G	39797	AF_nfe_onf	MONDO:0013979

8	141461106	C	A	130637	AF_nfe_onf	MONDO:0013173

8	143956428	C	T	1171	AF_nfe_onf	MONDO:0008729,MONDO:0007080

8	143957658	G	A	1173	AF_nfe_onf	MONDO:0008729,MONDO:0007080

8	143993962	A	G	16879	AF_nfe_onf	MONDO:0008751

8	143996157	C	A	16880	AF_nfe_onf	MONDO:0008751,MONDO:0012524

8	145583960	C	T	188051	AF_nfe_onf	MONDO:0024537,MONDO:0013867

8	145584066	A	G	96703	AF_nfe_onf	MONDO:0013867

8	145639675	C	T	3539	AF_nfe_onf	MONDO:0008713

8	145740627	C	T	6067	AF_nfe_onf	MONDO:0016369,MONDO:0009039

9	2718181	G	T	39811	AF_nfe_onf	MONDO:0012475

9	2718230	T	C	39812	AF_nfe_onf	MONDO:0012475

9	6595109	G	A	11989	AF_nfe_onf	MONDO:0011612

9	27206760	C	T	9293	AF_nfe_onf	MONDO:0010842

9	34646719	C	T	1153252	AF_nfe_onf	MONDO:0009258

9	34647200	C	T	25136	AF_nfe_onf	MONDO:0018116,MONDO:0009258

9	34647850	CT	C	25171	AF_nfe_onf	MONDO:0018116,MONDO:0009258

9	34647855	C	G	25172	AF_nfe_onf	MONDO:0009258

9	34647876	T	C	1458954	AF_nfe_onf	MONDO:0009258

9	34648160	C	T	25214	AF_nfe_onf	MONDO:0009258

9	34649057	C	A	25285	AF_nfe_onf	MONDO:0009258

9	34649460	G	A	25298	AF_nfe_onf	MONDO:0018116,MONDO:0009258

9	34649499	C	G	3623	AF_nfe_onf	MONDO:0018116,MONDO:0009258

9	34650444	T	C	2136762	AF_nfe_onf	MONDO:0009258

9	35059720	C	T	30153	AF_nfe_onf	MONDO:0013501

9	35067907	G	A	280124	AF_nfe_onf	MONDO:0000507,MONDO:0013501,MONDO:0004976,MONDO:0008178

9	35075275	C	G	6717	AF_nfe_onf	MONDO:0019391,MONDO:0013565

9	35078335	C	A	6712	AF_nfe_onf	MONDO:0019391,MONDO:0013565

9	35658024	A	AGCTTCACAGAGTAGTGCTTCACAGAGTAGT	1067265	AF_nfe_onf	MONDO:0011773,MONDO:0009595

9	35658027	T	TTCACAGAGTAG	557339	AF_nfe_onf	MONDO:0011773,MONDO:0009595

9	36218221	G	A	6035	AF_nfe_onf	MONDO:0010028,MONDO:0011603

9	37783970	C	G	31689	AF_nfe_onf	MONDO:0013853

9	37784950	C	G	31691	AF_nfe_onf	MONDO:0018838,MONDO:0100101,MONDO:0001149,MONDO:0013853

9	71650701	G	T	3983	AF_nfe_onf	MONDO:0100339

9	77427238	G	A	3581	AF_nfe_onf	MONDO:0011176

9	94487272	G	A	7307	AF_nfe_onf	MONDO:0009999

9	94809480	G	A	4805	AF_nfe_onf	MONDO:0008086,MONDO:0018213

9	94830377	A	T	4801	AF_nfe_onf	MONDO:0008086,MONDO:0015626,MONDO:0018213

9	97897627	C	T	127547	AF_nfe_onf	MONDO:0015356,MONDO:0009213,MONDO:0019391,MONDO:0007254

9	99013764	T	C	4880	AF_nfe_onf	MONDO:0009916

9	101980426	AC	A	2699	AF_nfe_onf	MONDO:0005501,MONDO:0014543,MONDO:0011933

9	104184159	A	G	30980	AF_nfe_onf	MONDO:0009249

9	104189862	A	G	475	AF_nfe_onf	MONDO:0009249

9	107584801	T	C	9488	AF_nfe_onf	MONDO:0008783

9	116151365	C	T	16863	AF_nfe_onf	MONDO:0013000

9	119461480	G	A	7350	AF_nfe_onf	MONDO:0015229,MONDO:0005336,MONDO:0009683,MONDO:0014439

9	130582213	C	T	982494	AF_nfe_onf	MONDO:0008535

9	130634986	C	T	18267	AF_nfe_onf	MONDO:0012967

9	130699738	T	C	39446	AF_nfe_onf	MONDO:0014023

9	131085414	C	T	189204	AF_nfe_onf	MONDO:0014562

9	131094450	C	T	189200	AF_nfe_onf	MONDO:0014562

9	132576312	ACTCT	A	21053	AF_nfe_onf	MONDO:0007492

9	133346264	G	A	6326	AF_nfe_onf	MONDO:0015991,MONDO:0008988

9	133364809	A	C	6339	AF_nfe_onf	MONDO:0015991,MONDO:0008988

9	134385188	G	C	3243	AF_nfe_onf	MONDO:0012248,MONDO:0013159,MONDO:0000171,MONDO:0015152,MONDO:0002320

9	134385674	C	T	95468	AF_nfe_onf	MONDO:0700070,MONDO:0000171,MONDO:0012248,MONDO:0013159

9	134388630	C	T	95452	AF_nfe_onf	MONDO:0000171,MONDO:0012248,MONDO:0013159,MONDO:0014489,MONDO:0009364

9	135172294	G	A	2295	AF_nfe_onf	MONDO:0018996

9	136314971	TGTGCCC	T	5821	AF_nfe_onf	MONDO:0010122

9	136405747	C	T	693	AF_nfe_onf	MONDO:0009269

9	137686903	T	G	17188	AF_nfe_onf	MONDO:0019567

9	139327014	C	T	399	AF_nfe_onf	MONDO:0019118,MONDO:0008944,MONDO:0018772

9	139996059	G	A	30413	AF_nfe_onf	MONDO:0013624

10	12139779	T	G	39566	AF_nfe_onf	MONDO:0014012

10	13337608	T	C	7581	AF_nfe_onf	MONDO:0009958,MONDO:0019200

10	14995907	G	C	4674	AF_nfe_onf	MONDO:0011225,MONDO:0011338

10	50713929	C	A	190147	AF_nfe_onf	MONDO:0016006,MONDO:0010217,MONDO:0019570

10	55943211	A	T	18429	AF_nfe_onf	MONDO:0011186,MONDO:0012293

10	72358355	C	T	13709	AF_nfe_onf	MONDO:0019751,MONDO:0011337

10	72358641	C	T	13714	AF_nfe_onf	MONDO:0011337

10	73492049	G	A	4923	AF_nfe_onf	MONDO:0010168,MONDO:0011067

10	73610978	T	A	13365	AF_nfe_onf	MONDO:0009590,MONDO:0012517,MONDO:0012719

10	73767264	T	A	6049	AF_nfe_onf	MONDO:0007738

10	76430016	C	A	29603	AF_nfe_onf	MONDO:0100255

10	79753126	C	T	31146	AF_nfe_onf	MONDO:0009910,MONDO:0019046,MONDO:0011897

10	90983467	C	A	78	AF_nfe_onf	MONDO:0019149,MONDO:0019148,MONDO:0010204

10	96081763	C	T	18422	AF_nfe_onf	MONDO:0012546

10	100179917	T	G	21097	AF_nfe_onf	MONDO:0019312,MONDO:0008748

10	100185443	TG	T	21091	AF_nfe_onf	MONDO:0019312,MONDO:0008748

10	100195071	TG	T	21103	AF_nfe_onf	MONDO:0019312,MONDO:0008748

10	101483814	G	A	6175	AF_nfe_onf	MONDO:0014051

10	101595950	A	T	8418	AF_nfe_onf	MONDO:0009380

10	102749087	C	T	4629	AF_nfe_onf	MONDO:0012241

10	102752966	A	G	162049	AF_nfe_onf	MONDO:0017312,MONDO:0014504

10	104590547	G	GGGAT	1777	AF_nfe_onf	MONDO:0018479,MONDO:0008730,MONDO:0800379

10	104592334	C	T	1788	AF_nfe_onf	MONDO:0018479,MONDO:0800378

10	104678601	G	A	192323	AF_nfe_onf	MONDO:0020787

10	124266312	G	A	30244	AF_nfe_onf	MONDO:0010829

10	124802643	C	T	9200	AF_nfe_onf	MONDO:0012392

10	126089510	C	T	170	AF_nfe_onf	MONDO:0009796

10	126091499	G	C	176	AF_nfe_onf	MONDO:0019118,MONDO:0009796

10	126092461	G	A	181	AF_nfe_onf	MONDO:0009796

10	126094026	A	T	175	AF_nfe_onf	MONDO:0009796

10	126100579	G	T	163	AF_nfe_onf	MONDO:0009796

10	127503603	C	A	3758	AF_nfe_onf	MONDO:0009902

10	127505059	G	A	3755	AF_nfe_onf	MONDO:0009902

11	2188225	T	G	12329	AF_nfe_onf	MONDO:0011551

11	2189126	A	G	12325	AF_nfe_onf	MONDO:0011551

11	2591864	G	A	67077	AF_nfe_onf	MONDO:0002442,MONDO:0019171

11	2592621	C	T	67096	AF_nfe_onf	MONDO:0002442,MONDO:0019171

11	2594170	G	A	67116	AF_nfe_onf	MONDO:0019171,MONDO:0002442

11	2906070	T	TCCGGGG	192358	AF_nfe_onf	MONDO:0007534

11	5247827	C	T	15241	AF_nfe_onf	MONDO:0044348,MONDO:0007705,MONDO:0019402

11	6413175	C	A	2994	AF_nfe_onf	MONDO:0011871,MONDO:0009756,MONDO:0001982

11	6413291	C	G	1157977	AF_nfe_onf	MONDO:0011871,MONDO:0009756

11	6414531	T	G	2991	AF_nfe_onf	MONDO:0011871,MONDO:0009756,MONDO:0001982

11	6414910	C	T	2993	AF_nfe_onf	MONDO:0011871,MONDO:0009756,MONDO:0001982

11	6636430	A	C	89086	AF_nfe_onf	MONDO:0012235

11	6638385	C	T	207574	AF_nfe_onf	MONDO:0016295,MONDO:0008769

11	17409603	G	A	752205	AF_nfe_onf	MONDO:0100164

11	17418527	C	T	9098	AF_nfe_onf	MONDO:0009415

11	17552978	C	T	5143	AF_nfe_onf	MONDO:0019501,MONDO:0010171,MONDO:0010168,MONDO:0011192

11	20649602	A	G	5763	AF_nfe_onf	MONDO:0013827

11	22225349	G	A	96685	AF_nfe_onf	MONDO:0008151,MONDO:0012652

11	22277031	C	G	2163	AF_nfe_onf	MONDO:0012652,MONDO:0008151,MONDO:0015152,MONDO:0013222

11	22279305	G	A	39276	AF_nfe_onf	MONDO:0012652,MONDO:0013222

11	33731793	C	T	64690	AF_nfe_onf	MONDO:0012858

11	36596535	C	T	13148	AF_nfe_onf	MONDO:0011086,MONDO:0009306,MONDO:0011338

11	36597018	G	A	13139	AF_nfe_onf	MONDO:0015974

11	36597180	C	T	13161	AF_nfe_onf	MONDO:0011086,MONDO:0009306

11	36614367	C	G	13138	AF_nfe_onf	MONDO:0009306,MONDO:0000573,MONDO:0003778,MONDO:0015517,MONDO:0011086,MONDO:0015974

11	36615075	G	T	1426815	AF_nfe_onf	MONDO:0011086,MONDO:0009306

11	46749689	G	A	13313	AF_nfe_onf	MONDO:0013361

11	46750296	C	T	13304	AF_nfe_onf	MONDO:0013361

11	46897497	C	A	2152388	AF_nfe_onf	MONDO:0013679,MONDO:0008931,MONDO:0014578

11	47353740	G	A	42735	AF_nfe_onf	MONDO:0007268,MONDO:0014163,MONDO:0004994,MONDO:0024573,MONDO:0005045

11	47354842	C	T	42692	AF_nfe_onf	MONDO:0004994,MONDO:0007268,MONDO:0005045

11	47359280	A	AC	42619	AF_nfe_onf	MONDO:0007268,MONDO:0014163,MONDO:0004994,MONDO:0024573,MONDO:0005045

11	47364129	C	G	8608	AF_nfe_onf	MONDO:0016333,MONDO:0007268,MONDO:0014163,MONDO:0004994,MONDO:0008647,MONDO:0024573,MONDO:0005045

11	47367923	T	C	42806	AF_nfe_onf	MONDO:0024573,MONDO:0007268,MONDO:0005045

11	47369975	C	T	42792	AF_nfe_onf	MONDO:0014163,MONDO:0007268,MONDO:0004994,MONDO:0024573,MONDO:0005045

11	47469405	G	A	8054	AF_nfe_onf	MONDO:0014588,MONDO:0100101,MONDO:0005336

11	47470476	A	G	8047	AF_nfe_onf	MONDO:0014588,MONDO:0100101

11	61136081	A	G	31191	AF_nfe_onf	MONDO:0013764

11	62462161	TAC	T	4533	AF_nfe_onf	MONDO:0018883,MONDO:0010020

11	64525847	T	C	2316	AF_nfe_onf	MONDO:0009293

11	64527370	T	C	2309	AF_nfe_onf	MONDO:0009293

11	66290924	C	T	2083073	AF_nfe_onf	MONDO:0015229

11	66290946	TA	T	12146	AF_nfe_onf	MONDO:0008854,MONDO:0015229

11	66298444	T	C	12147	AF_nfe_onf	MONDO:0019118,MONDO:0008854,MONDO:0015229

11	66333791	T	C	60678	AF_nfe_onf	MONDO:0014147

11	66619351	C	T	21222	AF_nfe_onf	MONDO:0009949

11	67258381	C	T	4888	AF_nfe_onf	MONDO:0015356,MONDO:0007052

11	68673588	T	A	162194	AF_nfe_onf	MONDO:0011436,MONDO:0014511,MONDO:0018894,MONDO:0005244

11	68701934	G	A	9112	AF_nfe_onf	MONDO:0014511,MONDO:0011436

11	71146873	C	A	6785	AF_nfe_onf	MONDO:0010035

11	71153365	T	A	6780	AF_nfe_onf	MONDO:0010035

11	72013372	C	T	187783	AF_nfe_onf	MONDO:0014561

11	73879530	G	A	144038	AF_nfe_onf	MONDO:0014413,MONDO:0018772

11	76867729	C	T	43264	AF_nfe_onf	MONDO:0700087,MONDO:0010807

11	76867950	G	A	11850	AF_nfe_onf	MONDO:0010168,MONDO:0010807,MONDO:0019118,MONDO:0700087

11	76885871	C	T	43169	AF_nfe_onf	MONDO:0019501,MONDO:0010168,MONDO:0010807,MONDO:0011032,MONDO:0700087

11	76916599	T	C	43288	AF_nfe_onf	MONDO:0011032,MONDO:0010807,MONDO:0010168,MONDO:0700087

11	77838439	T	G	2561	AF_nfe_onf	MONDO:0011969,MONDO:0054743

11	94197281	G	GT	184556	AF_nfe_onf	MONDO:0011457,MONDO:0015356

11	95578227	G	A	6231	AF_nfe_onf	MONDO:0018995,MONDO:0011066

11	103026205	T	C	6504	AF_nfe_onf	MONDO:0013127

11	108012428	G	T	166650	AF_nfe_onf	MONDO:0008760

11	108106445	CA	C	141546	AF_nfe_onf	MONDO:0008840,MONDO:0015356,MONDO:0016419

11	108121752	CAG	C	127340	AF_nfe_onf	MONDO:0015356,MONDO:0008840,MONDO:0016419,MONDO:0007254

11	108150237	G	A	453458	AF_nfe_onf	MONDO:0008840,MONDO:0015356

11	108151895	G	A	3035	AF_nfe_onf	MONDO:0015356,MONDO:0016419,MONDO:0008840

11	108155009	G	A	216204	AF_nfe_onf	MONDO:0015356,MONDO:0008840

11	108155201	G	A	141447	AF_nfe_onf	MONDO:0015356,MONDO:0016419,MONDO:0008840

11	108183151	G	T	127414	AF_nfe_onf	MONDO:0008840,MONDO:0015356,MONDO:0016419

11	108186638	G	A	181974	AF_nfe_onf	MONDO:0016419,MONDO:0008840,MONDO:0001056,MONDO:0015356,MONDO:0004970,MONDO:0005192,MONDO:0004989

11	108202604	A	C	127447	AF_nfe_onf	MONDO:0005575,MONDO:0015356,MONDO:0016419,MONDO:0008840

11	108202764	G	A	135778	AF_nfe_onf	MONDO:0015356,MONDO:0016419,MONDO:0008840,MONDO:0007254

11	108206605	C	T	141726	AF_nfe_onf	MONDO:0015356,MONDO:0008840

11	108206686	A	T	135780	AF_nfe_onf	MONDO:0016248,MONDO:0015356,MONDO:0016419,MONDO:0008840

11	111957632	A	T	422629	AF_nfe_onf	MONDO:0008233,MONDO:0011740,MONDO:0014045,MONDO:0015356

11	111965647	C	A	6918	AF_nfe_onf	MONDO:0014045,MONDO:0008233,MONDO:0011740,MONDO:0015356

11	112097212	C	T	477	AF_nfe_onf	MONDO:0009863

11	116661530	G	A	4404	AF_nfe_onf	MONDO:0007762

11	116706762	G	C	17916	AF_nfe_onf	MONDO:0100189

11	116707816	C	A	17920	AF_nfe_onf	MONDO:0859238,MONDO:0032766,MONDO:0007099

11	117866399	C	T	39430	AF_nfe_onf	MONDO:0013153

11	118211162	G	A	12747	AF_nfe_onf	MONDO:0014280

11	118963217	C	T	1473	AF_nfe_onf	MONDO:0008294

11	118968691	A	C	36922	AF_nfe_onf	MONDO:0013883

11	118971804	A	T	39773	AF_nfe_onf	MONDO:0011964

11	119216826	C	T	183045	AF_nfe_onf	MONDO:0012605

11	121174221	A	C	7356	AF_nfe_onf	MONDO:0011816

11	124793747	G	T	30914	AF_nfe_onf	MONDO:0013490

11	125853944	T	G	30750	AF_nfe_onf	MONDO:0013642

11	128781904	G	A	135681	AF_nfe_onf	MONDO:0013359

12	977938	C	T	5166	AF_nfe_onf	MONDO:0024309

12	4488538	T	C	5027	AF_nfe_onf	MONDO:0100251,MONDO:0060714,MONDO:0100252

12	6979518	T	C	12470	AF_nfe_onf	MONDO:0014221

12	14019043	T	TG	430527	AF_nfe_onf	MONDO:0001071,MONDO:0013509

12	21699355	A	C	16053	AF_nfe_onf	MONDO:0009414

12	21711220	G	C	16056	AF_nfe_onf	MONDO:0009414

12	21715899	C	G	16052	AF_nfe_onf	MONDO:0009414

12	32903678	G	A	102435	AF_nfe_onf	MONDO:0013307

12	32975460	G	A	45049	AF_nfe_onf	MONDO:0016342,MONDO:0004994,MONDO:0016587,MONDO:0012180

12	40704236	C	T	1938	AF_nfe_onf	MONDO:0011764

12	56088226	C	T	162572	AF_nfe_onf	MONDO:0013177

12	57435225	C	A	8149	AF_nfe_onf	MONDO:0011920

12	57892346	A	G	192373	AF_nfe_onf	MONDO:0014206

12	57894120	T	C	68463	AF_nfe_onf	MONDO:0015626,MONDO:0014206,MONDO:0014566

12	63963092	T	A	101505	AF_nfe_onf	MONDO:0013505

12	64202556	A	G	39604	AF_nfe_onf	MONDO:0000171,MONDO:0014022

12	64202558	C	T	50606	AF_nfe_onf	MONDO:0014022

12	64202603	GACGTGATGACAGCTGGCAACTGTGGGAA	G	39606	AF_nfe_onf	MONDO:0014022

12	65130819	G	A	2932	AF_nfe_onf	MONDO:0009658

12	76741492	G	C	30818	AF_nfe_onf	MONDO:0015229,MONDO:0008854,MONDO:0014438

12	88474003	C	A	197044	AF_nfe_onf	MONDO:0018921,MONDO:0019005,MONDO:0018772,MONDO:0018998,MONDO:0012626,MONDO:0012723

12	88482934	G	A	156385	AF_nfe_onf	MONDO:0018998,MONDO:0018921,MONDO:0019005,MONDO:0018772,MONDO:0012723,MONDO:0012432

12	88524101	G	A	1342	AF_nfe_onf	MONDO:0020642,MONDO:0019005,MONDO:0018921,MONDO:0018772,MONDO:0014442,MONDO:0012432,MONDO:0012433,MONDO:0012723,MONDO:0012626,MONDO:0018998

12	89864137	C	A	155771	AF_nfe_onf	MONDO:0014427

12	94243829	G	C	30360	AF_nfe_onf	MONDO:0013785

12	94772743	G	A	139545	AF_nfe_onf	MONDO:0014374

12	94805556	G	A	139542	AF_nfe_onf	MONDO:0014374

12	102151344	A	C	2773	AF_nfe_onf	MONDO:0009650,MONDO:0018931,MONDO:0009655

12	102158001	CT	C	39058	AF_nfe_onf	MONDO:0009650,MONDO:0018931

12	102158341	A	C	100738	AF_nfe_onf	MONDO:0018931

12	102159967	C	T	39035	AF_nfe_onf	MONDO:0007885,MONDO:0008410,MONDO:0009650,MONDO:0018931

12	102163875	A	G	39026	AF_nfe_onf	MONDO:0009650,MONDO:0018931

12	102163960	G	A	39022	AF_nfe_onf	MONDO:0018931,MONDO:0009650

12	102179984	A	T	197858	AF_nfe_onf	MONDO:0018931,MONDO:0009650

12	102224444	T	G	2774	AF_nfe_onf	MONDO:0009650,MONDO:0018931,MONDO:0009655

12	108958089	G	A	783	AF_nfe_onf	MONDO:0009706

12	109998861	G	A	96244	AF_nfe_onf	MONDO:0009614

12	110231365	G	C	1525659	AF_nfe_onf	MONDO:0011633

12	110238464	C	T	882712	AF_nfe_onf	MONDO:0008408,MONDO:0011633,MONDO:0007986,MONDO:0007232,MONDO:0010839,MONDO:0008477

12	111358330	C	A	181430	AF_nfe_onf	MONDO:0012112

12	112924280	G	C	44596	AF_nfe_onf	MONDO:0020297,MONDO:0016755,MONDO:0008104,MONDO:0100082,MONDO:0011908,MONDO:0007979,MONDO:0021060

12	112926890	A	G	40562	AF_nfe_onf	MONDO:0008104,MONDO:0007979,MONDO:0100082,MONDO:0011908,MONDO:0021060,MONDO:0018997

12	121175742	C	T	3834	AF_nfe_onf	MONDO:0008722

12	121426644	C	T	14942	AF_nfe_onf	MONDO:0015967,MONDO:0010894

12	122287632	T	C	1573	AF_nfe_onf	MONDO:0007700,MONDO:0010162

12	124114943	C	T	4123	AF_nfe_onf	MONDO:0011380

12	124228882	G	T	21494	AF_nfe_onf	MONDO:0018163

13	20763552	G	A	44725	AF_nfe_onf	MONDO:0007422,MONDO:0011245,MONDO:0007866,MONDO:0010576,MONDO:0009076,MONDO:0007850,MONDO:0007852,MONDO:0011103

13	20763626	C	T	44766	AF_nfe_onf	MONDO:0011103,MONDO:0009076

14	20942714	G	A	13988	AF_nfe_onf	MONDO:0013171

14	20944591	G	A	1000043	AF_nfe_onf	MONDO:0013171

14	23244747	A	C	6209	AF_nfe_onf	MONDO:0009109

14	23884965	C	T	181393	AF_nfe_onf	MONDO:0008647,MONDO:0008409,MONDO:0013262,MONDO:0008050,MONDO:0009708,MONDO:0009711,MONDO:0004994,MONDO:0005021,MONDO:0005045

14	23896002	A	G	312910	AF_nfe_onf	MONDO:0004994,MONDO:0008050,MONDO:0005045,MONDO:0008409,MONDO:0008647

14	23896866	C	T	14091	AF_nfe_onf	MONDO:0009708,MONDO:0008050,MONDO:0004994,MONDO:0008647,MONDO:0013262,MONDO:0024573,MONDO:0008409,MONDO:0005045

14	23900859	C	T	14112	AF_nfe_onf	MONDO:0013262,MONDO:0005045

14	24718695	G	A	39536	AF_nfe_onf	MONDO:0009441

14	24727873	C	G	838484	AF_nfe_onf	MONDO:0009441

14	24727873	C	T	12489	AF_nfe_onf	MONDO:0009441

14	31346846	C	T	6611	AF_nfe_onf	MONDO:0019497,MONDO:0011058,MONDO:0005365

14	32068516	G	T	50215	AF_nfe_onf	MONDO:0032625

14	50734532	G	A	30793	AF_nfe_onf	MONDO:0009370

14	51054710	G	C	30580	AF_nfe_onf	MONDO:0013381,MONDO:0008437

14	51379746	C	T	11996	AF_nfe_onf	MONDO:0009294

14	54418663	T	C	17701	AF_nfe_onf	MONDO:0011936

14	54418669	G	C	17703	AF_nfe_onf	MONDO:0011936,MONDO:0010906

14	74953107	C	T	8483	AF_nfe_onf	MONDO:0011873

14	74959975	C	A	1921786	AF_nfe_onf	MONDO:0011873

14	75472609	A	G	4336	AF_nfe_onf	MONDO:0011380

14	77786772	C	G	3234	AF_nfe_onf	MONDO:0013160

14	81422146	G	C	6442	AF_nfe_onf	MONDO:0005027,MONDO:0012203,MONDO:0010142

14	81558955	G	C	6461	AF_nfe_onf	MONDO:0010142

14	81609572	T	G	6444	AF_nfe_onf	MONDO:0010142,MONDO:0012203,MONDO:0011309

14	88431929	G	C	30620	AF_nfe_onf	MONDO:0009499

14	88883138	C	A	2070637	AF_nfe_onf	MONDO:0011415

14	92403458	C	T	5478	AF_nfe_onf	MONDO:0012145

14	92403492	C	G	5477	AF_nfe_onf	MONDO:0012145

14	103390126	C	T	4770	AF_nfe_onf	MONDO:0100157,MONDO:0009853

14	105246551	C	T	13983	AF_nfe_onf	MONDO:0015074,MONDO:0005036,MONDO:0016743,MONDO:0021259,MONDO:0021230,MONDO:0005082,MONDO:0005335,MONDO:0021100,MONDO:0014048,MONDO:0005012,MONDO:0008318,MONDO:0021068,MONDO:0007256,MONDO:0008433,MONDO:0005233,MONDO:0005097,MONDO:0002629,MONDO:0005061,MONDO:0002032,MONDO:0010150,MONDO:0004988,MONDO:0005611

14	105707629	G	A	161425	AF_nfe_onf	MONDO:0014529

15	23890893	T	TG	190122	AF_nfe_onf	MONDO:0700092,MONDO:0014243

15	28510853	G	A	88738	AF_nfe_onf	MONDO:0014224

15	31334343	G	T	6228	AF_nfe_onf	MONDO:0019118,MONDO:0013183

15	31360213	A	G	6227	AF_nfe_onf	MONDO:0019118,MONDO:0013183

15	40468873	C	T	6760	AF_nfe_onf	MONDO:0008304,MONDO:0009759

15	40703499	AG	A	94056	AF_nfe_onf	MONDO:0009475

15	43018584	T	A	21750	AF_nfe_onf	MONDO:0020337

15	44858195	G	A	41353	AF_nfe_onf	MONDO:0019064,MONDO:0011445

15	44865793	C	T	41341	AF_nfe_onf	MONDO:0014726,MONDO:0011196,MONDO:0011445

15	44865850	G	A	1109	AF_nfe_onf	MONDO:0014726,MONDO:0011445

15	44867132	G	A	41333	AF_nfe_onf	MONDO:0011196,MONDO:0011445

15	44876408	G	A	41324	AF_nfe_onf	MONDO:0011445

15	44892686	T	TA	41309	AF_nfe_onf	MONDO:0011445

15	44912387	C	A	41299	AF_nfe_onf	MONDO:0011445

15	44952629	C	G	1114	AF_nfe_onf	MONDO:0011445

15	51504657	G	A	17818	AF_nfe_onf	MONDO:0013301

15	66729181	A	G	13351	AF_nfe_onf	MONDO:0014113,MONDO:0015280,MONDO:0021060,MONDO:0007970,MONDO:0008104

15	68504102	CAG	C	4082	AF_nfe_onf	MONDO:0016295,MONDO:0011144

15	72637891	C	G	3941	AF_nfe_onf	MONDO:0010100

15	72642915	C	A	557210	AF_nfe_onf	MONDO:0010100

15	72645447	G	A	3897	AF_nfe_onf	MONDO:0017728,MONDO:0010100

15	74472462	G	A	1135	AF_nfe_onf	MONDO:0011010

15	74494540	C	T	1142	AF_nfe_onf	MONDO:0011010

15	74632009	G	A	17520	AF_nfe_onf	MONDO:0013400

15	80445443	A	T	11865	AF_nfe_onf	MONDO:0010161

15	80460394	G	A	92445	AF_nfe_onf	MONDO:0010161

15	80473390	G	T	11871	AF_nfe_onf	MONDO:0010161

15	89754981	A	T	13101	AF_nfe_onf	MONDO:0019118,MONDO:0019200,MONDO:0018877

15	89758364	C	T	13097	AF_nfe_onf	MONDO:0007639,MONDO:0019200,MONDO:0018877

15	91337568	A	G	454130	AF_nfe_onf	MONDO:0015356,MONDO:0008876

15	91346807	C	T	156484	AF_nfe_onf	MONDO:0015356,MONDO:0008876

16	1412038	G	C	21714	AF_nfe_onf	MONDO:0009652

16	1412610	A	G	21721	AF_nfe_onf	MONDO:0009652

16	1607935	C	A	31680	AF_nfe_onf	MONDO:0054708,MONDO:0009964,MONDO:0019118

16	1633366	CG	C	97055	AF_nfe_onf	MONDO:0054708,MONDO:0009964

16	1637962	C	T	97053	AF_nfe_onf	MONDO:0009964,MONDO:0018770,MONDO:0018342

16	1642177	C	T	31683	AF_nfe_onf	MONDO:0022397,MONDO:0009964,MONDO:0054708,MONDO:0019005,MONDO:0018770

16	2546899	CT	C	1456664	AF_nfe_onf	MONDO:0010632,MONDO:0014470

16	2548262	AT	A	91398	AF_nfe_onf	MONDO:0010632,MONDO:0014470,MONDO:0009079

16	3293408	CATT	C	97485	AF_nfe_onf	MONDO:0019751,MONDO:0018088

16	3293447	C	G	36507	AF_nfe_onf	MONDO:0011959,MONDO:0019751,MONDO:0018088,MONDO:0007601

16	3293447	C	T	2550	AF_nfe_onf	MONDO:0019751,MONDO:0018088,MONDO:0007601

16	3297166	G	C	2545	AF_nfe_onf	MONDO:0019751,MONDO:0018088

16	3304567	C	G	2543	AF_nfe_onf	MONDO:0019751,MONDO:0018088,MONDO:0007601

16	3779210	TG	T	158391	AF_nfe_onf	MONDO:0008393

16	4848565	C	G	31227	AF_nfe_onf	MONDO:0009185

16	5132675	G	A	95934	AF_nfe_onf	MONDO:0015286,MONDO:0012052

16	8895684	T	G	7721	AF_nfe_onf	MONDO:0008907

16	8904945	C	A	7711	AF_nfe_onf	MONDO:0008907

16	8941651	C	G	7716	AF_nfe_onf	MONDO:0008907

16	11647434	G	A	1486153	AF_nfe_onf	MONDO:0010995

16	14041518	C	A	55824	AF_nfe_onf	MONDO:0014108,MONDO:0010215,MONDO:0016006

16	16248867	C	T	6579	AF_nfe_onf	MONDO:0013768,MONDO:0008333,MONDO:0009925

16	16251626	CA	C	6563	AF_nfe_onf	MONDO:0009925,MONDO:0008333,MONDO:0013768

16	16257015	C	G	6562	AF_nfe_onf	MONDO:0009925

16	23546667	C	T	39792	AF_nfe_onf	MONDO:0013971

16	23641218	G	A	142403	AF_nfe_onf	MONDO:0003582,MONDO:0001056,MONDO:0015356,MONDO:0016419,MONDO:0007254,MONDO:0012565

16	23641355	G	A	530038	AF_nfe_onf	MONDO:0016419,MONDO:0015356

16	23641422	TG	T	142733	AF_nfe_onf	MONDO:0015356,MONDO:0016419,MONDO:0012565,MONDO:0013236,MONDO:0007254

16	23647108	T	TA	126769	AF_nfe_onf	MONDO:0015356,MONDO:0016419,MONDO:0012565,MONDO:0013236,MONDO:0003582

16	23647108	TAG	T	126768	AF_nfe_onf	MONDO:0013236,MONDO:0016419,MONDO:0012565,MONDO:0015356,MONDO:0011450,MONDO:0007254

16	23647267	TA	T	141880	AF_nfe_onf	MONDO:0015356,MONDO:0016419,MONDO:0012565,MONDO:0013236

16	23647356	ATC	A	126757	AF_nfe_onf	MONDO:0013236,MONDO:0016419,MONDO:0012565,MONDO:0015356,MONDO:0005192,MONDO:0003582,MONDO:0011450,MONDO:0007254,MONDO:0004989

16	23647471	GA	G	126748	AF_nfe_onf	MONDO:0015356,MONDO:0016419,MONDO:0012565

16	23647641	T	C	220168	AF_nfe_onf	MONDO:0015356,MONDO:0002032,MONDO:0016419

16	23647657	T	C	182757	AF_nfe_onf	MONDO:0016419,MONDO:0015356,MONDO:0012565,MONDO:0013236

16	28912162	C	A	17803	AF_nfe_onf	MONDO:0010977

16	28913549	C	T	17806	AF_nfe_onf	MONDO:0010977

16	30762461	C	T	13628	AF_nfe_onf	MONDO:0013091

16	31012480	G	A	1400614	AF_nfe_onf	MONDO:0014517

16	31202739	C	T	16224	AF_nfe_onf	MONDO:0011951,MONDO:0013888

16	53679606	G	A	1074	AF_nfe_onf	MONDO:0018921,MONDO:0018772,MONDO:0012694,MONDO:0800103,MONDO:0012695

16	53686549	G	A	1076	AF_nfe_onf	MONDO:0012695,MONDO:0012694,MONDO:0800103,MONDO:0018921,MONDO:0018772

16	53907749	G	A	1055	AF_nfe_onf	MONDO:0013050

16	56544835	T	C	30550	AF_nfe_onf	MONDO:0015229,MONDO:0014432

16	56548486	A	C	4569	AF_nfe_onf	MONDO:0015229,MONDO:0014432

16	56548535	G	A	4571	AF_nfe_onf	MONDO:0014432,MONDO:0014692,MONDO:0015229

16	56553703	G	C	4570	AF_nfe_onf	MONDO:0014692,MONDO:0014432,MONDO:0019118,MONDO:0019200,MONDO:0015229

16	56913065	T	C	8585	AF_nfe_onf	MONDO:0009904

16	57282482	T	G	65474	AF_nfe_onf	MONDO:0014186

16	66551095	T	C	38993	AF_nfe_onf	MONDO:0014898

16	66583956	C	CA	39416	AF_nfe_onf	MONDO:0012301

16	67470700	T	C	31131	AF_nfe_onf	MONDO:0009025

16	67976316	A	G	3666	AF_nfe_onf	MONDO:0018999

16	67976657	G	A	3660	AF_nfe_onf	MONDO:0009515,MONDO:0007620

16	67976870	G	T	3671	AF_nfe_onf	MONDO:0009515,MONDO:0007620,MONDO:0018999

16	68867265	A	G	12233	AF_nfe_onf	MONDO:0100488,MONDO:0021068,MONDO:0054740,MONDO:0007648,MONDO:0008315,MONDO:0002447,MONDO:0016419,MONDO:0015356

16	72055110	G	C	16804	AF_nfe_onf	MONDO:0009903

16	75513398	T	C	5077	AF_nfe_onf	MONDO:0009020

16	75674156	A	T	8169	AF_nfe_onf	MONDO:0013338

16	81399028	C	T	5031	AF_nfe_onf	MONDO:0009749

16	83940623	C	G	4055	AF_nfe_onf	MONDO:0009556

16	84065506	G	A	125447	AF_nfe_onf	MONDO:0012216

16	88494168	C	T	126923	AF_nfe_onf	MONDO:0007851

16	88498136	G	A	1029104	AF_nfe_onf	MONDO:0024543

16	88500687	C	A	126929	AF_nfe_onf	MONDO:0007851

16	88876201	C	A	41012	AF_nfe_onf	MONDO:0013869

16	88891246	T	C	93162	AF_nfe_onf	MONDO:0009659,MONDO:0018938

16	88898473	G	C	713	AF_nfe_onf	MONDO:0018938,MONDO:0009659

17	1174081	G	T	162067	AF_nfe_onf	MONDO:0012271

17	4802331	C	G	18361	AF_nfe_onf	MONDO:0014586,MONDO:0011600

17	4802804	G	A	18358	AF_nfe_onf	MONDO:0011600,MONDO:0012157

17	7127184	G	A	21016	AF_nfe_onf	MONDO:0008723

17	7127184	G	C	803305	AF_nfe_onf	MONDO:0008723

17	7127326	T	C	1632	AF_nfe_onf	MONDO:0008723

17	7489315	T	C	5871	AF_nfe_onf	MONDO:0012211

17	7577120	C	A	376655	AF_nfe_onf	MONDO:0018177,MONDO:0019086,MONDO:0021100,MONDO:0009693,MONDO:0005097,MONDO:0021068,MONDO:0005012,MONDO:0018874,MONDO:0006485,MONDO:0005082,MONDO:0006046,MONDO:0021211,MONDO:0004948,MONDO:0008433,MONDO:0007959,MONDO:0008734,MONDO:0024498,MONDO:0013876,MONDO:0005575,MONDO:0016419,MONDO:0015459,MONDO:0009837,MONDO:0032573,MONDO:0002629,MONDO:0005192,MONDO:0007256,MONDO:0005036,MONDO:0006639,MONDO:0005335,MONDO:0006047,MONDO:0015356,MONDO:0005061,MONDO:0018875,MONDO:0010150,MONDO:0002911,MONDO:0005611

17	7577538	C	T	12356	AF_nfe_onf	MONDO:0006485,MONDO:0005082,MONDO:0006046,MONDO:0005036,MONDO:0005335,MONDO:0005062,MONDO:0018177,MONDO:0021100,MONDO:0021211,MONDO:0005023,MONDO:0002032,MONDO:0005192,MONDO:0009837,MONDO:0016419,MONDO:0013876,MONDO:0024498,MONDO:0007256,MONDO:0015459,MONDO:0002629,MONDO:0008734,MONDO:0006047,MONDO:0021068,MONDO:0005012,MONDO:0018874,MONDO:0004948,MONDO:0018881,MONDO:0009693,MONDO:0007959,MONDO:0005097,MONDO:0008433,MONDO:0005061,MONDO:0018875,MONDO:0010150,MONDO:0005070,MONDO:0023644,MONDO:0002529,MONDO:0005611,MONDO:0002911,MONDO:0001056,MONDO:0005212,MONDO:0005089,MONDO:0005575,MONDO:0019086,MONDO:0015356,MONDO:0004989

17	7577539	G	A	12347	AF_nfe_onf	MONDO:0005335,MONDO:0005411,MONDO:0006485,MONDO:0005082,MONDO:0006046,MONDO:0005036,MONDO:0001529,MONDO:0018874,MONDO:0008213,MONDO:0018177,MONDO:0021100,MONDO:0021211,MONDO:0006047,MONDO:0015356,MONDO:0021068,MONDO:0005012,MONDO:0004948,MONDO:0018881,MONDO:0016718,MONDO:0005061,MONDO:0009693,MONDO:0007256,MONDO:0007959,MONDO:0005097,MONDO:0008433,MONDO:0018875,MONDO:0010150,MONDO:0004557,MONDO:0005070,MONDO:0023644,MONDO:0002529,MONDO:0002911,MONDO:0005611,MONDO:0001056,MONDO:0019086,MONDO:0018905

17	7578190	T	C	127819	AF_nfe_onf	MONDO:0008734,MONDO:0016419,MONDO:0002629,MONDO:0005575,MONDO:0007256,MONDO:0009837,MONDO:0032573,MONDO:0015459,MONDO:0005192,MONDO:0024498,MONDO:0013876,MONDO:0018177,MONDO:0006485,MONDO:0005082,MONDO:0005036,MONDO:0006046,MONDO:0008903,MONDO:0005335,MONDO:0001056,MONDO:0006047,MONDO:0015356,MONDO:0021100,MONDO:0021211,MONDO:0004948,MONDO:0021068,MONDO:0008433,MONDO:0018874,MONDO:0005012,MONDO:0005061,MONDO:0018875,MONDO:0005097,MONDO:0010150,MONDO:0005611,MONDO:0004989

17	7578263	G	A	43589	AF_nfe_onf	MONDO:0015356,MONDO:0021068,MONDO:0018875

17	7989487	T	A	39547	AF_nfe_onf	MONDO:0009439

17	8131569	G	C	1043281	AF_nfe_onf	MONDO:0015780

17	10551909	C	T	14145	AF_nfe_onf	MONDO:0008675,MONDO:0008338,MONDO:0020820,MONDO:0032751

17	10596249	C	T	120177	AF_nfe_onf	MONDO:0033636

17	12917786	A	G	66037	AF_nfe_onf	MONDO:0014190

17	14110205	A	T	7525	AF_nfe_onf	MONDO:0033635,MONDO:0009068

17	15134248	G	A	8444	AF_nfe_onf	MONDO:0019011,MONDO:0015626,MONDO:0007311,MONDO:0008087

17	17122501	GCTTT	G	96492	AF_nfe_onf	MONDO:0015356,MONDO:0007607

17	29556971	CAAT	C	363	AF_nfe_onf	MONDO:0008078,MONDO:0008672,MONDO:0011035,MONDO:0018975,MONDO:0011908,MONDO:0001056,MONDO:0015356

17	29665757	C	G	439973	AF_nfe_onf	MONDO:0015356,MONDO:0018975

17	33430317	G	A	127893	AF_nfe_onf	MONDO:0001056,MONDO:0005575,MONDO:0015356,MONDO:0013669,MONDO:0021068,MONDO:0003582

17	33902922	G	A	7775	AF_nfe_onf	MONDO:0019234,MONDO:0013927

17	39927988	T	TTGC	13600	AF_nfe_onf	MONDO:0012684

17	40695586	C	T	1566	AF_nfe_onf	MONDO:0014665,MONDO:0009656,MONDO:0019249

17	40950185	T	C	190478	AF_nfe_onf	MONDO:0009068

17	41053006	A	T	12004	AF_nfe_onf	MONDO:0009287

17	41061435	G	C	12008	AF_nfe_onf	MONDO:0009287

17	41063178	G	T	21063	AF_nfe_onf	MONDO:0009287

17	41197820	C	A	864908	AF_nfe_onf	MONDO:0011450

17	41215963	C	A	55387	AF_nfe_onf	MONDO:0015356,MONDO:0003582,MONDO:0011450

17	41242963	G	A	55125	AF_nfe_onf	MONDO:0016419,MONDO:0015356,MONDO:0003582,MONDO:0011450,MONDO:0007254

17	41242979	ACT	A	55117	AF_nfe_onf	MONDO:0015356,MONDO:0003582,MONDO:0011450,MONDO:0016419

17	41243512	CT	C	37560	AF_nfe_onf	MONDO:0015356,MONDO:0003582,MONDO:0011450,MONDO:0016419

17	41244710	GAT	G	54696	AF_nfe_onf	MONDO:0011450

17	41244777	TTAAC	T	54678	AF_nfe_onf	MONDO:0015356,MONDO:0001056,MONDO:0003582,MONDO:0011450

17	41245090	TG	T	37471	AF_nfe_onf	MONDO:0054748,MONDO:0013685,MONDO:0011450,MONDO:0016419,MONDO:0015356,MONDO:0003582

17	41245332	T	TAG	125547	AF_nfe_onf	MONDO:0003582,MONDO:0011450

17	41245410	G	C	37451	AF_nfe_onf	MONDO:0013685,MONDO:0054748,MONDO:0011450,MONDO:0016419,MONDO:0015356,MONDO:0003582

17	41245586	CT	C	37438	AF_nfe_onf	MONDO:0054748,MONDO:0015356,MONDO:0021100,MONDO:0003582,MONDO:0016419,MONDO:0011450,MONDO:0007254

17	41245861	G	A	37426	AF_nfe_onf	MONDO:0013685,MONDO:0054748,MONDO:0011450,MONDO:0016419,MONDO:0015356,MONDO:0008170,MONDO:0003582,MONDO:0021068,MONDO:0002447,MONDO:0004989

17	41246333	TGATTCAGACTCCCCATCATGTGAGTCATCAGAACCTAACA	T	17665	AF_nfe_onf	MONDO:0015356,MONDO:0003582,MONDO:0011450,MONDO:0007254

17	41256250	C	CT	54827	AF_nfe_onf	MONDO:0015356,MONDO:0003582,MONDO:0011450,MONDO:0016419

17	41258474	T	C	17693	AF_nfe_onf	MONDO:0013685,MONDO:0054748,MONDO:0011450,MONDO:0016419,MONDO:0015356,MONDO:0003582

17	42153128	G	A	1037	AF_nfe_onf	MONDO:0012930

17	42153148	G	C	30874	AF_nfe_onf	MONDO:0012930

17	42334882	C	T	17773	AF_nfe_onf	MONDO:0008165,MONDO:0008494,MONDO:0008368,MONDO:0012700,MONDO:0012981,MONDO:0021024

17	42428532	G	A	16012	AF_nfe_onf	MONDO:0013866,MONDO:0011842

17	45012488	G	T	30406	AF_nfe_onf	MONDO:0020121,MONDO:0859336,MONDO:0020074,MONDO:0013526

17	48244792	G	A	92301	AF_nfe_onf	MONDO:0011968

17	48245923	C	T	37202	AF_nfe_onf	MONDO:0011968

17	56283840	A	C	1393	AF_nfe_onf	MONDO:0014928,MONDO:0009571,MONDO:0014441,MONDO:0021003,MONDO:0004843,MONDO:0018921,MONDO:0018772

17	56774151	A	T	141095	AF_nfe_onf	MONDO:0002447,MONDO:0021068,MONDO:0015356,MONDO:0013248

17	59820479	T	TA	128170	AF_nfe_onf	MONDO:0021068,MONDO:0012187,MONDO:0015356,MONDO:0016419

17	59821793	CTT	C	182372	AF_nfe_onf	MONDO:0012187,MONDO:0021068,MONDO:0016419,MONDO:0015356,MONDO:0003582

17	59853848	C	CA	187476	AF_nfe_onf	MONDO:0016419,MONDO:0012187,MONDO:0015356,MONDO:0003582

17	59871059	C	A	128156	AF_nfe_onf	MONDO:0012187,MONDO:0021068,MONDO:0015356,MONDO:0016419

17	61557840	C	G	18063	AF_nfe_onf	MONDO:0017609

17	62019214	C	T	5921	AF_nfe_onf	MONDO:0020483,MONDO:0008195,MONDO:0008224

17	62021185	G	A	5904	AF_nfe_onf	MONDO:0013620,MONDO:0018959,MONDO:0008224,MONDO:0013234,MONDO:0008195,MONDO:0042979

17	73761124	C	T	5628	AF_nfe_onf	MONDO:0009255

17	73761136	G	T	5630	AF_nfe_onf	MONDO:0009255

17	76131047	G	T	4747	AF_nfe_onf	MONDO:0009176,MONDO:0032614

17	78063675	A	ACTGT	194774	AF_nfe_onf	MONDO:0016575,MONDO:0013435,MONDO:0009484

17	78073499	C	A	195522	AF_nfe_onf	MONDO:0016575

17	78092054	C	T	716267	AF_nfe_onf	MONDO:0009290

17	78185927	A	G	30459	AF_nfe_onf	MONDO:0005559,MONDO:0004843,MONDO:0019118,MONDO:0018937,MONDO:0019249,MONDO:0009655

17	78190883	G	C	5111	AF_nfe_onf	MONDO:0018937,MONDO:0019249,MONDO:0009655

17	80223619	T	C	8741	AF_nfe_onf	MONDO:0014088

18	3456418	C	G	6979	AF_nfe_onf	MONDO:0007734

18	3457604	C	T	6982	AF_nfe_onf	MONDO:0007734

18	12340333	T	C	30427	AF_nfe_onf	MONDO:0013776

18	13885136	G	A	3261	AF_nfe_onf	MONDO:0024536

18	21115645	C	T	181458	AF_nfe_onf	MONDO:0009757

18	21121319	T	G	21134	AF_nfe_onf	MONDO:0009757

18	29175091	G	A	808383	AF_nfe_onf	MONDO:0020730,MONDO:0007785,MONDO:0007100

18	29175132	T	C	13453	AF_nfe_onf	MONDO:0007100,MONDO:0007785,MONDO:0007275

18	29175144	A	T	13446	AF_nfe_onf	MONDO:0007100,MONDO:0020730,MONDO:0007785

18	42281738	C	T	1343271	AF_nfe_onf	MONDO:0014482

18	42531913	G	A	1035	AF_nfe_onf	MONDO:0011996,MONDO:0010010

18	42531917	T	C	1031	AF_nfe_onf	MONDO:0014482,MONDO:0010010,MONDO:0015168,MONDO:0100101

18	43447707	G	A	39984	AF_nfe_onf	MONDO:0009452

18	43496075	G	A	39982	AF_nfe_onf	MONDO:0009452

18	46783435	T	A	3187	AF_nfe_onf	MONDO:0009130

18	47500917	C	T	4250	AF_nfe_onf	MONDO:0009635

18	48603032	C	T	24850	AF_nfe_onf	MONDO:0005411,MONDO:0019625,MONDO:0015356,MONDO:0017380,MONDO:0008278

18	55218544	T	C	553	AF_nfe_onf	MONDO:0008319

18	55240476	A	C	555	AF_nfe_onf	MONDO:0008319

18	55328514	G	A	7272	AF_nfe_onf	MONDO:0007829

18	55336548	A	G	7265	AF_nfe_onf	MONDO:0008892

18	57115306	G	GA	448	AF_nfe_onf	MONDO:0009337

18	57134004	A	G	450	AF_nfe_onf	MONDO:0009337

18	58038746	G	GCA	36487	AF_nfe_onf	MONDO:0011122

18	58038762	T	C	14324	AF_nfe_onf	MONDO:0011122

18	60027189	T	C	6302	AF_nfe_onf	MONDO:0012859

19	860686	C	A	16564	AF_nfe_onf	MONDO:0013487

19	1105813	G	A	140615	AF_nfe_onf	MONDO:0009593

19	7184594	T	C	14693	AF_nfe_onf	MONDO:0009517

19	7711208	C	T	7858	AF_nfe_onf	MONDO:0013135

19	11213408	T	G	3685	AF_nfe_onf	MONDO:0018328,MONDO:0005439,MONDO:0007750

19	11216146	C	T	226327	AF_nfe_onf	MONDO:0005439,MONDO:0007750

19	11224319	C	G	161270	AF_nfe_onf	MONDO:0005439,MONDO:0007750

19	11231058	G	A	3689	AF_nfe_onf	MONDO:0005439,MONDO:0007750

19	11231101	C	A	3699	AF_nfe_onf	MONDO:0018328,MONDO:0005439,MONDO:0007750

19	11559419	C	T	13241	AF_nfe_onf	MONDO:0008265

19	11685969	ATAG	A	29834	AF_nfe_onf	MONDO:0011939

19	11687191	A	G	29835	AF_nfe_onf	MONDO:0011939

19	13419266	C	T	8505	AF_nfe_onf	MONDO:0007163,MONDO:0014917,MONDO:0020756,MONDO:0008457,MONDO:0033361,MONDO:0000700,MONDO:0020757

19	15659984	C	G	910	AF_nfe_onf	MONDO:0011485

19	30193873	C	T	31157	AF_nfe_onf	MONDO:0014024,MONDO:0013674,MONDO:0018307,MONDO:0003441

19	30193878	GCCC	G	88866	AF_nfe_onf	MONDO:0018307,MONDO:0013674

19	33353463	C	T	5780	AF_nfe_onf	MONDO:0009067

19	33902603	G	A	215	AF_nfe_onf	MONDO:0008221

19	34884937	A	G	13646	AF_nfe_onf	MONDO:0013275

19	35524558	C	G	9252	AF_nfe_onf	MONDO:0033361,MONDO:0013015,MONDO:0011416,MONDO:0014155,MONDO:0018214

19	39010039	T	G	42098	AF_nfe_onf	MONDO:0007294,MONDO:0009711

19	39051969	G	T	199203	AF_nfe_onf	MONDO:0007294,MONDO:0009712,MONDO:0007783,MONDO:0009711,MONDO:0020485

19	39998096	G	A	6835	AF_nfe_onf	MONDO:0020692

19	40321083	G	A	132792	AF_nfe_onf	MONDO:0014352

19	40902114	A	T	4792	AF_nfe_onf	MONDO:0015626,MONDO:0018995,MONDO:0013959

19	41105996	CT	C	189236	AF_nfe_onf	MONDO:0013170

19	41928214	C	G	2382	AF_nfe_onf	MONDO:0023691,MONDO:0009563

19	41928275	G	C	93375	AF_nfe_onf	MONDO:0023691,MONDO:0009563

19	41928609	C	G	2381	AF_nfe_onf	MONDO:0023691,MONDO:0009563

19	41930487	T	A	100009	AF_nfe_onf	MONDO:0023691,MONDO:0009563

19	44012968	A	C	30725	AF_nfe_onf	MONDO:0011229

19	44031327	C	A	2318	AF_nfe_onf	MONDO:0011229

19	45412236	G	A	17862	AF_nfe_onf	MONDO:0018473

19	45855769	C	T	16787	AF_nfe_onf	MONDO:0012553

19	45918128	G	C	16778	AF_nfe_onf	MONDO:0016006,MONDO:0012554

19	45992745	G	A	30326	AF_nfe_onf	MONDO:0011489

19	47259606	T	C	4232	AF_nfe_onf	MONDO:0000171,MONDO:0015152,MONDO:0011688,MONDO:0009364,MONDO:0011787,MONDO:0013157

19	47260193	T	A	4223	AF_nfe_onf	MONDO:0000171,MONDO:0018276,MONDO:0015152,MONDO:0011787

19	48814809	C	T	39638	AF_nfe_onf	MONDO:0016575,MONDO:0014030

19	49477915	G	A	16057	AF_nfe_onf	MONDO:0012693

19	51853639	C	T	16718	AF_nfe_onf	MONDO:0700074,MONDO:0009282

19	54410130	T	G	42145	AF_nfe_onf	MONDO:0011540

19	55452313	T	TC	97796	AF_nfe_onf	MONDO:0009273

20	947907	A	G	1191	AF_nfe_onf	MONDO:0008798

20	948643	C	T	1193	AF_nfe_onf	MONDO:0008798

20	948762	G	GC	1194	AF_nfe_onf	MONDO:0008798

20	2641558	A	G	5506	AF_nfe_onf	MONDO:0012943

20	3211600	C	T	1323	AF_nfe_onf	MONDO:0013204

20	3888644	A	G	4554	AF_nfe_onf	MONDO:0009319

20	3899364	C	T	4556	AF_nfe_onf	MONDO:0009319,MONDO:0011798

20	10393371	A	G	1110126	AF_nfe_onf	MONDO:0015229,MONDO:0009367

20	17950958	G	A	40051	AF_nfe_onf	MONDO:0014039

20	18506532	C	T	1225	AF_nfe_onf	MONDO:0009134,MONDO:0014802

20	21112766	AAACT	A	128243	AF_nfe_onf	MONDO:0014345,MONDO:0019118

20	34025192	T	C	8384	AF_nfe_onf	MONDO:0007221

20	35559163	C	T	4066	AF_nfe_onf	MONDO:0013059

20	35559186	A	T	30605	AF_nfe_onf	MONDO:0018866,MONDO:0013739,MONDO:0013059

20	35563514	G	A	30604	AF_nfe_onf	MONDO:0013059

20	42789006	A	G	30456	AF_nfe_onf	MONDO:0013474,MONDO:0008647

20	43249723	A	C	1958	AF_nfe_onf	MONDO:0007064

20	43251680	C	T	1968	AF_nfe_onf	MONDO:0007064

20	44521073	G	A	383	AF_nfe_onf	MONDO:0009737

20	44522679	T	A	381	AF_nfe_onf	MONDO:0009737

20	44526707	T	G	375	AF_nfe_onf	MONDO:0009737

20	49565187	G	C	6296	AF_nfe_onf	MONDO:0012123

20	62073768	C	T	21802	AF_nfe_onf	MONDO:0100062,MONDO:0007365

21	19653456	G	A	4165	AF_nfe_onf	MONDO:0009173

21	19732173	G	A	4166	AF_nfe_onf	MONDO:0009173

21	33032096	C	T	14763	AF_nfe_onf	MONDO:0007103

21	33036145	C	G	14753	AF_nfe_onf	MONDO:0007103

21	33038809	G	A	14779	AF_nfe_onf	MONDO:0007103

21	33039612	G	A	1072003	AF_nfe_onf	MONDO:0007103

21	33039672	T	C	197145	AF_nfe_onf	MONDO:0020128,MONDO:0007103

21	33974250	TTAAA	T	88690	AF_nfe_onf	MONDO:0014211

21	35821757	A	G	132659	AF_nfe_onf	MONDO:0019171

21	35821761	T	G	132658	AF_nfe_onf	MONDO:0019171

21	43804115	A	AT	517148	AF_nfe_onf	MONDO:0005365

21	43906538	C	T	66991	AF_nfe_onf	MONDO:0014202

21	44482454	G	A	92423	AF_nfe_onf	MONDO:0004737,MONDO:0009352

21	47537830	C	T	29643	AF_nfe_onf	MONDO:0024530

22	17669232	T	C	189342	AF_nfe_onf	MONDO:0008436,MONDO:0014306

22	19163735	G	A	42194	AF_nfe_onf	MONDO:0014072,MONDO:0016001

22	19164632	CCTTGTTCCCG	C	42198	AF_nfe_onf	MONDO:0014072,MONDO:0016001

22	24896179	G	C	4150	AF_nfe_onf	MONDO:0013164

22	26860623	T	TCTCCTTCCTGCCATCTGGACAAGC	4129	AF_nfe_onf	MONDO:0013556

22	29091121	C	CT	182450	AF_nfe_onf	MONDO:0016419,MONDO:0015356

22	29099498	CA	C	185097	AF_nfe_onf	MONDO:0005575,MONDO:0015356,MONDO:0016419

22	29121049	CA	C	128079	AF_nfe_onf	MONDO:0015356,MONDO:0005575,MONDO:0016419

22	29121050	A	C	231571	AF_nfe_onf	MONDO:0015356,MONDO:0016419

22	29130462	TG	T	142851	AF_nfe_onf	MONDO:0015356,MONDO:0016419

22	30077432	G	T	3296	AF_nfe_onf	MONDO:0007039

22	33700420	C	T	6216	AF_nfe_onf	MONDO:0012138

22	36678800	G	A	14072	AF_nfe_onf	MONDO:0015912,MONDO:0002049

22	37326510	C	T	161978	AF_nfe_onf	MONDO:0013712

22	37469590	C	T	30802	AF_nfe_onf	MONDO:0008788

22	38519192	C	G	159733	AF_nfe_onf	MONDO:0024457

22	38522453	AG	A	159730	AF_nfe_onf	MONDO:0017998,MONDO:0024457

22	38528924	C	T	522939	AF_nfe_onf	MONDO:0017998,MONDO:0024457

22	38536030	GT	G	159778	AF_nfe_onf	MONDO:0017998,MONDO:0024457

22	40756440	A	G	2466	AF_nfe_onf	MONDO:0007068

22	43019809	T	C	252	AF_nfe_onf	MONDO:0009606

22	50515269	CTGAG	C	4720	AF_nfe_onf	MONDO:0011391,MONDO:0024555

22	50521612	A	T	21522	AF_nfe_onf	MONDO:0024555,MONDO:0000437

22	50659625	G	A	162406	AF_nfe_onf	MONDO:0009624

22	51064006	C	T	3058	AF_nfe_onf	MONDO:0018868,MONDO:0009591

22	51065305	G	A	3070	AF_nfe_onf	MONDO:0018868

22	51065766	G	A	3054	AF_nfe_onf	MONDO:0018868,MONDO:0017729

22	51066012	CG	C	93121	AF_nfe_onf	MONDO:0018868

X	13767575	G	A	588792	AF_nfe_onf	MONDO:0016575,MONDO:0010702,MONDO:0018772

X	25031256	C	T	11199	AF_nfe_onf	MONDO:0010632,MONDO:0010317

X	30327166	C	G	10978	AF_nfe_onf	MONDO:0010264,MONDO:0010226

X	31196049	G	A	11276	AF_nfe_onf	MONDO:0010311,MONDO:0010679

X	32328244	A	G	978345	AF_nfe_onf	MONDO:0004994,MONDO:0010311,MONDO:0010679

X	32509493	T	C	455881	AF_nfe_onf	MONDO:0010311,MONDO:0010679,MONDO:0004994

X	38229102	T	C	589416	AF_nfe_onf	MONDO:0010703

X	38262952	G	T	2083011	AF_nfe_onf	MONDO:0010703

X	38268175	A	G	1655516	AF_nfe_onf	MONDO:0010703

X	50350876	G	A	10795	AF_nfe_onf	MONDO:0010325

X	54496615	G	A	10828	AF_nfe_onf	MONDO:0010589,MONDO:0001071

X	55047609	C	T	10473	AF_nfe_onf	MONDO:0020721

X	70443972	G	A	10433	AF_nfe_onf	MONDO:0015626,MONDO:0010549

X	77378693	T	C	9950	AF_nfe_onf	MONDO:0010392

X	100652895	C	T	446069	AF_nfe_onf	MONDO:0010526

X	100653930	T	C	10730	AF_nfe_onf	MONDO:0005045,MONDO:0010526,MONDO:0004994

X	107842023	G	A	24455	AF_nfe_onf	MONDO:0018965,MONDO:0010520,MONDO:0005044

X	153132281	C	T	9998	AF_nfe_onf	MONDO:0010611

X	153296711	G	A	156667	AF_nfe_onf	MONDO:0010397,MONDO:0010726

X	153296784	G	A	536590	AF_nfe_onf	MONDO:0010397

X	153608683	C	A	423352	AF_nfe_onf	MONDO:0016830,MONDO:0010680,MONDO:0004994

X	154185335	C	T	10225	AF_nfe_onf	MONDO:0010602

X	154197675	T	C	10197	AF_nfe_onf	MONDO:0010602

X	154509348	G	C	39823	AF_nfe_onf	MONDO:0010473
